"63289";"131";"3";"1328";"false";"1";"100015"
"63289";"131";"3";"1801";"false";"1";"100015"
"63289";"131";"3";"1751";"false";"1";"100015"
"63289";"131";"3";"1351";"false";"1";"100015"
"63289";"131";"3";"1382";"false";"1";"100015"
"63289";"131";"3";"1337";"false";"1";"100015"
"63289";"131";"3";"1339";"false";"1";"100015"
"63289";"131";"3";"1375";"false";"1";"100015"
"63289";"131";"3";"1133";"false";"1";"100015"
"63289";"131";"3";"1134";"false";"2";"100015"
"59143";"284";"3";"1332";"false";"1";"100023"
"59143";"284";"3";"1751";"false";"1";"100023"
"59143";"284";"3";"1340";"false";"1";"100023"
"59143";"284";"3";"1750";"false";"1";"100023"
"59143";"284";"3";"1380";"false";"2";"100023"
"59143";"284";"3";"1760";"false";"1";"100023"
"59143";"284";"3";"1360";"false";"1";"100023"
"59143";"284";"3";"1366";"false";"2";"100023"
"59143";"284";"3";"1133";"false";"1";"100023"
"59143";"284";"3";"1134";"false";"2";"100023"
"63146";"315";"3";"1801";"false";"2";"100024"
"63146";"315";"3";"1334";"false";"1";"100024"
"63146";"315";"3";"1742";"false";"2";"100024"
"63146";"315";"3";"1133";"false";"2";"100024"
"63146";"315";"3";"1356";"false";"1";"100024"
"63146";"315";"3";"1751";"false";"1";"100024"
"63146";"315";"3";"1358";"false";"3";"100024"
"63146";"315";"3";"1357";"false";"3";"100024"
"63146";"315";"3";"1134";"false";"4";"100024"
"63146";"315";"3";"1728";"false";"4";"100024"
"67043";"317";"3";"1356";"false";"1";"100025"
"67043";"317";"3";"1340";"false";"1";"100025"
"67043";"317";"3";"1382";"false";"1";"100025"
"67043";"317";"3";"1133";"false";"2";"100025"
"67043";"317";"3";"1801";"false";"2";"100025"
"67043";"317";"3";"1380";"false";"2";"100025"
"67043";"317";"3";"1383";"false";"3";"100025"
"67043";"317";"3";"1334";"false";"3";"100025"
"67043";"317";"3";"1134";"false";"4";"100025"
"67043";"317";"3";"1751";"false";"4";"100025"
"62240";"327";"3";"1351";"false";"1";"100026"
"62240";"327";"3";"1396";"false";"1";"100026"
"62240";"327";"3";"1390";"false";"2";"100026"
"62240";"327";"3";"1399";"false";"2";"100026"
"62240";"327";"3";"1133";"false";"2";"100026"
"62240";"327";"3";"1362";"false";"3";"100026"
"62240";"327";"3";"1397";"false";"3";"100026"
"62240";"327";"3";"1336";"false";"4";"100026"
"62240";"327";"3";"1134";"false";"4";"100026"
"62240";"327";"3";"1752";"false";"4";"100026"
"68576";"330";"3";"1396";"false";"1";"100027"
"68576";"330";"3";"1351";"false";"1";"100027"
"68576";"330";"3";"1362";"false";"2";"100027"
"68576";"330";"3";"1390";"false";"2";"100027"
"68576";"330";"3";"1399";"false";"2";"100027"
"68576";"330";"3";"1133";"false";"2";"100027"
"68576";"330";"3";"1336";"false";"3";"100027"
"68576";"330";"3";"1386";"false";"3";"100027"
"68576";"330";"3";"1134";"false";"4";"100027"
"68576";"330";"3";"1752";"false";"4";"100027"
"64173";"331";"3";"1362";"false";"4";"100028"
"64173";"331";"3";"1752";"false";"4";"100028"
"64173";"331";"3";"1136";"false";"3";"100028"
"64173";"331";"3";"1133";"false";"3";"100028"
"64173";"331";"3";"1368";"false";"3";"100028"
"64173";"331";"3";"1394";"false";"4";"100028"
"64173";"331";"3";"1385";"false";"3";"100028"
"64173";"331";"3";"1396";"false";"2";"100028"
"64173";"331";"3";"1336";"false";"4";"100028"
"64173";"331";"3";"1351";"false";"1";"100028"
"68202";"395";"3";"1382";"false";"1";"100022"
"68202";"395";"3";"1337";"false";"1";"100022"
"68202";"395";"3";"1134";"false";"2";"100022"
"68202";"395";"3";"1340";"false";"2";"100022"
"68202";"395";"3";"1751";"false";"2";"100022"
"68202";"395";"3";"1338";"false";"3";"100022"
"68202";"395";"3";"1328";"false";"3";"100022"
"68202";"395";"3";"1351";"false";"3";"100022"
"68202";"395";"3";"1335";"false";"4";"100022"
"68202";"395";"3";"1133";"false";"4";"100022"
"66982";"442";"3";"1742";"false";"1";"100002"
"66982";"442";"3";"1382";"false";"1";"100002"
"66982";"442";"3";"1356";"false";"1";"100002"
"66982";"442";"3";"1380";"false";"2";"100002"
"66982";"442";"3";"1133";"false";"2";"100002"
"66982";"442";"3";"1801";"false";"2";"100002"
"66982";"442";"3";"1334";"false";"3";"100002"
"66982";"442";"3";"1383";"false";"3";"100002"
"66982";"442";"3";"1751";"false";"4";"100002"
"66982";"442";"3";"1135";"false";"4";"100002"
"64945";"448";"3";"1133";"false";"1";"100049"
"64945";"448";"3";"1334";"false";"1";"100049"
"64945";"448";"3";"1377";"false";"1";"100049"
"64945";"448";"3";"1801";"false";"2";"100049"
"64945";"448";"3";"1356";"false";"2";"100049"
"64945";"448";"3";"1380";"false";"2";"100049"
"64945";"448";"3";"1742";"false";"3";"100049"
"64945";"448";"3";"1134";"false";"3";"100049"
"64945";"448";"3";"1751";"false";"4";"100049"
"64945";"448";"3";"1373";"false";"4";"100049"
"66514";"450";"3";"1742";"false";"1";"100003"
"66514";"450";"3";"1382";"false";"1";"100003"
"66514";"450";"3";"1356";"false";"1";"100003"
"66514";"450";"3";"1133";"false";"2";"100003"
"66514";"450";"3";"1380";"false";"2";"100003"
"66514";"450";"3";"1801";"false";"2";"100003"
"66514";"450";"3";"1358";"false";"3";"100003"
"66514";"450";"3";"1334";"false";"3";"100003"
"66514";"450";"3";"1751";"false";"4";"100003"
"66514";"450";"3";"1134";"false";"4";"100003"
"56654";"477";"3";"1373";"false";"1";"100004"
"56654";"477";"3";"1366";"false";"1";"100004"
"56654";"477";"3";"1751";"false";"2";"100004"
"56654";"477";"3";"1374";"false";"2";"100004"
"56654";"477";"3";"1133";"false";"2";"100004"
"56654";"477";"3";"1380";"false";"3";"100004"
"56654";"477";"3";"1363";"false";"3";"100004"
"56654";"477";"3";"1755";"false";"4";"100004"
"56654";"477";"3";"1137";"false";"4";"100004"
"56654";"477";"3";"1394";"false";"4";"100004"
"64328";"479";"3";"1356";"false";"1";"100005"
"64328";"479";"3";"1382";"false";"1";"100005"
"64328";"479";"3";"1742";"false";"2";"100005"
"64328";"479";"3";"1133";"false";"2";"100005"
"64328";"479";"3";"1801";"false";"2";"100005"
"64328";"479";"3";"1380";"false";"2";"100005"
"64328";"479";"3";"1334";"false";"3";"100005"
"64328";"479";"3";"1383";"false";"3";"100005"
"64328";"479";"3";"1751";"false";"4";"100005"
"64328";"479";"3";"1134";"false";"4";"100005"
"54301";"482";"3";"1340";"false";"2";"100006"
"54301";"482";"3";"1750";"false";"2";"100006"
"54301";"482";"3";"1760";"false";"2";"100006"
"54301";"482";"3";"1133";"false";"2";"100006"
"54301";"482";"3";"1332";"false";"3";"100006"
"54301";"482";"3";"1751";"false";"3";"100006"
"54301";"482";"3";"84";"true";"3";"100006"
"54301";"482";"3";"1380";"false";"4";"100006"
"54301";"482";"3";"1758";"false";"4";"100006"
"54301";"482";"3";"1137";"false";"4";"100006"
"67095";"505";"3";"1362";"false";"1";"100050"
"67095";"505";"3";"1351";"false";"2";"100050"
"67095";"505";"3";"1396";"false";"2";"100050"
"67095";"505";"3";"1167";"false";"2";"100050"
"67095";"505";"3";"2204";"false";"3";"100050"
"67095";"505";"3";"1801";"false";"4";"100050"
"67095";"505";"3";"1358";"false";"3";"100050"
"67095";"505";"3";"1367";"false";"4";"100050"
"67095";"505";"3";"1175";"false";"4";"100050"
"67095";"505";"3";"1336";"false";"4";"100050"
"61648";"508";"3";"1760";"false";"1";"100008"
"61648";"508";"3";"1337";"false";"1";"100008"
"61648";"508";"3";"1134";"false";"1";"100008"
"61648";"508";"3";"1133";"false";"3";"100008"
"61648";"508";"3";"1751";"false";"3";"100008"
"61648";"508";"3";"1340";"false";"3";"100008"
"61648";"508";"3";"1380";"false";"3";"100008"
"61648";"508";"3";"1750";"false";"4";"100008"
"61648";"508";"3";"1332";"false";"4";"100008"
"61648";"508";"3";"1758";"false";"4";"100008"
"68048";"510";"3";"1758";"false";"1";"100009"
"68048";"510";"3";"1750";"false";"1";"100009"
"68048";"510";"3";"1380";"false";"2";"100009"
"68048";"510";"3";"1751";"false";"2";"100009"
"68048";"510";"3";"1133";"false";"2";"100009"
"68048";"510";"3";"1760";"false";"2";"100009"
"68048";"510";"3";"1360";"false";"3";"100009"
"68048";"510";"3";"1340";"false";"3";"100009"
"68048";"510";"3";"1332";"false";"4";"100009"
"68048";"510";"3";"1134";"false";"4";"100009"
"53391";"514";"3";"1366";"false";"1";"100010"
"53391";"514";"3";"1374";"false";"2";"100010"
"53391";"514";"3";"1355";"false";"2";"100010"
"53391";"514";"3";"1360";"false";"2";"100010"
"53391";"514";"3";"1137";"false";"2";"100010"
"53391";"514";"3";"1133";"false";"3";"100010"
"53391";"514";"3";"1380";"false";"3";"100010"
"53391";"514";"3";"1394";"false";"3";"100010"
"53391";"514";"3";"1751";"false";"4";"100010"
"53391";"514";"3";"1755";"false";"4";"100010"
"61775";"519";"3";"1134";"false";"1";"100033"
"61775";"519";"3";"1133";"false";"1";"100033"
"61775";"519";"3";"1366";"false";"2";"100033"
"61775";"519";"3";"1373";"false";"2";"100033"
"61775";"519";"3";"1374";"false";"2";"100033"
"61775";"519";"3";"1394";"false";"3";"100033"
"61775";"519";"3";"1751";"false";"3";"100033"
"61775";"519";"3";"1755";"false";"3";"100033"
"61775";"519";"3";"1371";"false";"4";"100033"
"61775";"519";"3";"1380";"false";"4";"100033"
"65387";"621";"2";"1751";"false";"1";"100011"
"65387";"621";"2";"1380";"false";"1";"100011"
"65387";"621";"2";"1760";"false";"3";"100011"
"65387";"621";"2";"1134";"false";"1";"100011"
"65387";"621";"2";"1332";"false";"2";"100011"
"65387";"621";"2";"1750";"false";"2";"100011"
"65387";"621";"2";"1758";"false";"2";"100011"
"65387";"621";"2";"1340";"false";"3";"100011"
"65387";"621";"2";"1360";"false";"1";"100011"
"65387";"621";"2";"1133";"false";"4";"100011"
"67155";"646";"2";"1382";"false";"1";"100032"
"67155";"646";"2";"1375";"false";"2";"100032"
"67155";"646";"2";"1133";"false";"2";"100032"
"67155";"646";"2";"1751";"false";"2";"100032"
"67155";"646";"2";"1364";"false";"1";"100032"
"67155";"646";"2";"1339";"false";"2";"100032"
"67155";"646";"2";"1328";"false";"3";"100032"
"67155";"646";"2";"1134";"false";"4";"100032"
"67155";"646";"2";"1340";"false";"4";"100032"
"67155";"646";"2";"1351";"false";"4";"100032"
"65182";"699";"2";"1380";"false";"1";"100051"
"65182";"699";"2";"1760";"false";"1";"100051"
"65182";"699";"2";"1728";"false";"1";"100051"
"65182";"699";"2";"1382";"false";"1";"100051"
"65182";"699";"2";"1751";"false";"2";"100051"
"65182";"699";"2";"1750";"false";"2";"100051"
"65182";"699";"2";"1136";"false";"2";"100051"
"65182";"699";"2";"1332";"false";"4";"100051"
"65182";"699";"2";"1340";"false";"3";"100051"
"65182";"699";"2";"1133";"false";"3";"100051"
"63059";"700";"2";"1356";"false";"1";"100034"
"63059";"700";"2";"1742";"false";"1";"100034"
"63059";"700";"2";"1382";"false";"1";"100034"
"63059";"700";"2";"1801";"false";"2";"100034"
"63059";"700";"2";"1380";"false";"2";"100034"
"63059";"700";"2";"1133";"false";"2";"100034"
"63059";"700";"2";"1334";"false";"3";"100034"
"63059";"700";"2";"1383";"false";"3";"100034"
"63059";"700";"2";"1751";"false";"4";"100034"
"63059";"700";"2";"1134";"false";"4";"100034"
"69071";"701";"2";"1373";"false";"1";"100052"
"69071";"701";"2";"1360";"false";"4";"100052"
"69071";"701";"2";"1750";"false";"2";"100052"
"69071";"701";"2";"1380";"false";"2";"100052"
"69071";"701";"2";"1133";"false";"2";"100052"
"69071";"701";"2";"1751";"false";"3";"100052"
"69071";"701";"2";"1340";"false";"3";"100052"
"69071";"701";"2";"1135";"false";"3";"100052"
"69071";"701";"2";"1332";"false";"4";"100052"
"69071";"701";"2";"1760";"false";"1";"100052"
"69499";"706";"2";"1356";"false";"1";"100035"
"69499";"706";"2";"1742";"false";"1";"100035"
"69499";"706";"2";"1382";"false";"1";"100035"
"69499";"706";"2";"1801";"false";"2";"100035"
"69499";"706";"2";"1133";"false";"2";"100035"
"69499";"706";"2";"1380";"false";"2";"100035"
"69499";"706";"2";"1383";"false";"3";"100035"
"69499";"706";"2";"1334";"false";"3";"100035"
"69499";"706";"2";"1751";"false";"4";"100035"
"69499";"706";"2";"1134";"false";"4";"100035"
"67737";"707";"2";"1356";"false";"1";"100036"
"67737";"707";"2";"1742";"false";"1";"100036"
"67737";"707";"2";"1382";"false";"1";"100036"
"67737";"707";"2";"1380";"false";"2";"100036"
"67737";"707";"2";"1801";"false";"2";"100036"
"67737";"707";"2";"1133";"false";"2";"100036"
"67737";"707";"2";"1334";"false";"3";"100036"
"67737";"707";"2";"1383";"false";"3";"100036"
"67737";"707";"2";"1751";"false";"4";"100036"
"67737";"707";"2";"1134";"false";"4";"100036"
"66572";"708";"2";"1356";"false";"1";"100037"
"66572";"708";"2";"1742";"false";"1";"100037"
"66572";"708";"2";"1382";"false";"1";"100037"
"66572";"708";"2";"1380";"false";"2";"100037"
"66572";"708";"2";"1801";"false";"2";"100037"
"66572";"708";"2";"1133";"false";"2";"100037"
"66572";"708";"2";"1334";"false";"3";"100037"
"66572";"708";"2";"1383";"false";"3";"100037"
"66572";"708";"2";"1751";"false";"4";"100037"
"66572";"708";"2";"1134";"false";"4";"100037"
"63779";"725";"2";"1750";"false";"1";"100102"
"63779";"725";"2";"1360";"false";"1";"100102"
"63779";"725";"2";"1751";"false";"2";"100102"
"63779";"725";"2";"1380";"false";"2";"100102"
"63779";"725";"2";"1133";"false";"2";"100102"
"63779";"725";"2";"1340";"false";"3";"100102"
"63779";"725";"2";"1758";"false";"3";"100102"
"63779";"725";"2";"1332";"false";"4";"100102"
"63779";"725";"2";"1760";"false";"4";"100102"
"63779";"725";"2";"1134";"false";"4";"100102"
"68395";"729";"2";"1750";"false";"1";"100038"
"68395";"729";"2";"1758";"false";"1";"100038"
"68395";"729";"2";"1751";"false";"2";"100038"
"68395";"729";"2";"1380";"false";"2";"100038"
"68395";"729";"2";"1133";"false";"2";"100038"
"68395";"729";"2";"1340";"false";"3";"100038"
"68395";"729";"2";"1760";"false";"3";"100038"
"68395";"729";"2";"1332";"false";"4";"100038"
"68395";"729";"2";"1360";"false";"4";"100038"
"68395";"729";"2";"1134";"false";"4";"100038"
"54439";"735";"2";"1750";"false";"1";"100039"
"54439";"735";"2";"1360";"false";"1";"100039"
"54439";"735";"2";"1760";"false";"1";"100039"
"54439";"735";"2";"1751";"false";"2";"100039"
"54439";"735";"2";"1340";"false";"2";"100039"
"54439";"735";"2";"1133";"false";"2";"100039"
"54439";"735";"2";"1332";"false";"3";"100039"
"54439";"735";"2";"1758";"false";"3";"100039"
"54439";"735";"2";"1380";"false";"4";"100039"
"54439";"735";"2";"1136";"false";"4";"100039"
"64686";"738";"2";"1396";"false";"1";"100042"
"64686";"738";"2";"1399";"false";"1";"100042"
"64686";"738";"2";"1336";"false";"2";"100042"
"64686";"738";"2";"1362";"false";"2";"100042"
"64686";"738";"2";"1752";"false";"2";"100042"
"64686";"738";"2";"1137";"false";"2";"100042"
"64686";"738";"2";"1351";"false";"3";"100042"
"64686";"738";"2";"1390";"false";"3";"100042"
"64686";"738";"2";"1397";"false";"3";"100042"
"64686";"738";"2";"1133";"false";"4";"100042"
"67232";"742";"2";"1334";"false";"1";"100043"
"67232";"742";"2";"1356";"false";"1";"100043"
"67232";"742";"2";"1742";"false";"1";"100043"
"67232";"742";"2";"1801";"false";"2";"100043"
"67232";"742";"2";"1751";"false";"2";"100043"
"67232";"742";"2";"1133";"false";"2";"100043"
"67232";"742";"2";"1729";"false";"3";"100043"
"67232";"742";"2";"88";"true";"3";"100043"
"67232";"742";"2";"1357";"false";"4";"100043"
"67232";"742";"2";"1134";"false";"4";"100043"
"56490";"743";"2";"1334";"false";"1";"100079"
"56490";"743";"2";"1356";"false";"1";"100079"
"56490";"743";"2";"1732";"false";"1";"100079"
"56490";"743";"2";"1801";"false";"2";"100079"
"56490";"743";"2";"1751";"false";"2";"100079"
"56490";"743";"2";"1742";"false";"2";"100079"
"56490";"743";"2";"1167";"false";"2";"100079"
"56490";"743";"2";"1630";"false";"3";"100079"
"56490";"743";"2";"94";"true";"3";"100079"
"56490";"743";"2";"1176";"false";"4";"100079"
"52041";"753";"2";"1750";"false";"1";"100044"
"52041";"753";"2";"1758";"false";"1";"100044"
"52041";"753";"2";"1360";"false";"1";"100044"
"52041";"753";"2";"1751";"false";"3";"100044"
"52041";"753";"2";"1760";"false";"2";"100044"
"52041";"753";"2";"1133";"false";"3";"100044"
"52041";"753";"2";"1332";"false";"2";"100044"
"52041";"753";"2";"1340";"false";"3";"100044"
"52041";"753";"2";"1380";"false";"3";"100044"
"52041";"753";"2";"1134";"false";"3";"100044"
"67473";"755";"2";"1334";"false";"1";"100046"
"67473";"755";"2";"1356";"false";"1";"100046"
"67473";"755";"2";"1742";"false";"1";"100046"
"67473";"755";"2";"1801";"false";"2";"100046"
"67473";"755";"2";"1751";"false";"2";"100046"
"67473";"755";"2";"1133";"false";"2";"100046"
"67473";"755";"2";"1357";"false";"3";"100046"
"67473";"755";"2";"96";"true";"3";"100046"
"67473";"755";"2";"1729";"false";"4";"100046"
"67473";"755";"2";"1134";"false";"4";"100046"
"67025";"764";"2";"1394";"false";"1";"100048"
"67025";"764";"2";"1371";"false";"1";"100048"
"67025";"764";"2";"1387";"false";"1";"100048"
"67025";"764";"2";"1133";"false";"1";"100048"
"67025";"764";"2";"1755";"false";"2";"100048"
"67025";"764";"2";"1751";"false";"2";"100048"
"67025";"764";"2";"1366";"false";"2";"100048"
"67025";"764";"2";"1374";"false";"2";"100048"
"67025";"764";"2";"1380";"false";"3";"100048"
"67025";"764";"2";"1134";"false";"4";"100048"
"67814";"766";"2";"1373";"false";"2";"100056"
"67814";"766";"2";"1371";"false";"2";"100056"
"67814";"766";"2";"1133";"false";"2";"100056"
"67814";"766";"2";"1751";"false";"2";"100056"
"67814";"766";"2";"1366";"false";"2";"100056"
"67814";"766";"2";"1374";"false";"2";"100056"
"67814";"766";"2";"1380";"false";"3";"100056"
"67814";"766";"2";"1394";"false";"3";"100056"
"67814";"766";"2";"1755";"false";"4";"100056"
"67814";"766";"2";"1135";"false";"4";"100056"
"65380";"767";"2";"1371";"false";"1";"100057"
"65380";"767";"2";"1373";"false";"1";"100057"
"65380";"767";"2";"1133";"false";"1";"100057"
"65380";"767";"2";"1751";"false";"4";"100057"
"65380";"767";"2";"1366";"false";"2";"100057"
"65380";"767";"2";"1374";"false";"2";"100057"
"65380";"767";"2";"1136";"false";"2";"100057"
"65380";"767";"2";"1380";"false";"3";"100057"
"65380";"767";"2";"1394";"false";"3";"100057"
"65380";"767";"2";"1755";"false";"4";"100057"
"69566";"783";"2";"1382";"false";"1";"100103"
"69566";"783";"2";"1338";"false";"2";"100103"
"69566";"783";"2";"1351";"false";"2";"100103"
"69566";"783";"2";"1339";"false";"2";"100103"
"69566";"783";"2";"1337";"false";"1";"100103"
"69566";"783";"2";"1133";"false";"2";"100103"
"69566";"783";"2";"1328";"false";"3";"100103"
"69566";"783";"2";"1801";"false";"3";"100103"
"69566";"783";"2";"1751";"false";"3";"100103"
"69566";"783";"2";"1134";"false";"3";"100103"
"65196";"785";"2";"1382";"false";"1";"100072"
"65196";"785";"2";"1338";"false";"1";"100072"
"65196";"785";"2";"1753";"false";"1";"100072"
"65196";"785";"2";"1355";"false";"1";"100072"
"65196";"785";"2";"1751";"false";"2";"100072"
"65196";"785";"2";"1351";"false";"2";"100072"
"65196";"785";"2";"1133";"false";"2";"100072"
"65196";"785";"2";"1328";"false";"3";"100072"
"65196";"785";"2";"1801";"false";"3";"100072"
"65196";"785";"2";"1136";"false";"4";"100072"
"70382";"788";"2";"1340";"false";"1";"100119"
"70382";"788";"2";"1338";"false";"2";"100119"
"70382";"788";"2";"1801";"false";"2";"100119"
"70382";"788";"2";"1335";"false";"1";"100119"
"70382";"788";"2";"1133";"false";"2";"100119"
"70382";"788";"2";"1328";"false";"3";"100119"
"70382";"788";"2";"1751";"false";"3";"100119"
"70382";"788";"2";"1351";"false";"3";"100119"
"70382";"788";"2";"1382";"false";"3";"100119"
"70382";"788";"2";"1135";"false";"3";"100119"
"54947";"790";"2";"1751";"false";"2";"100058"
"54947";"790";"2";"1382";"false";"2";"100058"
"54947";"790";"2";"1338";"false";"2";"100058"
"54947";"790";"2";"1351";"false";"3";"100058"
"54947";"790";"2";"1375";"false";"3";"100058"
"54947";"790";"2";"1134";"false";"3";"100058"
"54947";"790";"2";"1328";"false";"4";"100058"
"54947";"790";"2";"1370";"false";"4";"100058"
"54947";"790";"2";"1801";"false";"1";"100058"
"54947";"790";"2";"1133";"false";"1";"100058"
"64668";"791";"2";"1382";"false";"1";"100120"
"64668";"791";"2";"1133";"false";"1";"100120"
"64668";"791";"2";"1801";"false";"2";"100120"
"64668";"791";"2";"1338";"false";"2";"100120"
"64668";"791";"2";"1383";"false";"2";"100120"
"64668";"791";"2";"1328";"false";"3";"100120"
"64668";"791";"2";"1351";"false";"3";"100120"
"64668";"791";"2";"1335";"false";"3";"100120"
"64668";"791";"2";"1751";"false";"5";"100120"
"64668";"791";"2";"1135";"false";"5";"100120"
"52539";"800";"2";"1133";"false";"1";"100121"
"52539";"800";"2";"1137";"false";"1";"100121"
"52539";"800";"2";"1328";"false";"2";"100121"
"52539";"800";"2";"1338";"false";"2";"100121"
"52539";"800";"2";"1753";"false";"4";"100121"
"52539";"800";"2";"1337";"false";"2";"100121"
"52539";"800";"2";"1801";"false";"6";"100121"
"52539";"800";"2";"1751";"false";"4";"100121"
"52539";"800";"2";"1351";"false";"6";"100121"
"52539";"800";"2";"1382";"false";"5";"100121"
"65432";"801";"2";"1382";"false";"1";"100073"
"65432";"801";"2";"1338";"false";"1";"100073"
"65432";"801";"2";"1351";"false";"2";"100073"
"65432";"801";"2";"1753";"false";"2";"100073"
"65432";"801";"2";"98";"true";"2";"100073"
"65432";"801";"2";"1133";"false";"2";"100073"
"65432";"801";"2";"1328";"false";"3";"100073"
"65432";"801";"2";"1801";"false";"3";"100073"
"65432";"801";"2";"1751";"false";"3";"100073"
"65432";"801";"2";"1134";"false";"4";"100073"
"68208";"818";"2";"1382";"false";"1";"100059"
"68208";"818";"2";"1363";"false";"1";"100059"
"68208";"818";"2";"1755";"false";"1";"100059"
"68208";"818";"2";"1328";"false";"2";"100059"
"68208";"818";"2";"1330";"false";"2";"100059"
"68208";"818";"2";"1133";"false";"2";"100059"
"68208";"818";"2";"1801";"false";"3";"100059"
"68208";"818";"2";"1751";"false";"3";"100059"
"68208";"818";"2";"1351";"false";"3";"100059"
"68208";"818";"2";"1134";"false";"4";"100059"
"65250";"823";"2";"1396";"false";"1";"100055"
"65250";"823";"2";"1390";"false";"1";"100055"
"65250";"823";"2";"1362";"false";"2";"100055"
"65250";"823";"2";"1351";"false";"2";"100055"
"65250";"823";"2";"1133";"false";"2";"100055"
"65250";"823";"2";"1752";"false";"3";"100055"
"65250";"823";"2";"1387";"false";"3";"100055"
"65250";"823";"2";"1368";"false";"3";"100055"
"65250";"823";"2";"1336";"false";"4";"100055"
"65250";"823";"2";"1134";"false";"4";"100055"
"64564";"826";"2";"1133";"false";"2";"100122"
"64564";"826";"2";"1334";"false";"3";"100122"
"64564";"826";"2";"1356";"false";"3";"100122"
"64564";"826";"2";"1736";"false";"3";"100122"
"64564";"826";"2";"1383";"false";"3";"100122"
"64564";"826";"2";"1739";"false";"3";"100122"
"64564";"826";"2";"1801";"false";"4";"100122"
"64564";"826";"2";"1751";"false";"4";"100122"
"64564";"826";"2";"1742";"false";"4";"100122"
"64564";"826";"2";"1134";"false";"4";"100122"
"64549";"836";"2";"1382";"false";"1";"100124"
"64549";"836";"2";"1337";"false";"1";"100124"
"64549";"836";"2";"1338";"false";"2";"100124"
"64549";"836";"2";"1351";"false";"2";"100124"
"64549";"836";"2";"1133";"false";"2";"100124"
"64549";"836";"2";"1801";"false";"3";"100124"
"64549";"836";"2";"1751";"false";"3";"100124"
"64549";"836";"2";"1368";"false";"3";"100124"
"64549";"836";"2";"1328";"false";"4";"100124"
"64549";"836";"2";"1134";"false";"4";"100124"
"54688";"838";"2";"1356";"false";"1";"100104"
"54688";"838";"2";"1338";"false";"2";"100104"
"54688";"838";"2";"1328";"false";"2";"100104"
"54688";"838";"2";"1337";"false";"1";"100104"
"54688";"838";"2";"1134";"false";"2";"100104"
"54688";"838";"2";"1801";"false";"3";"100104"
"54688";"838";"2";"1751";"false";"3";"100104"
"54688";"838";"2";"1351";"false";"4";"100104"
"54688";"838";"2";"1366";"false";"4";"100104"
"54688";"838";"2";"1133";"false";"4";"100104"
"65985";"863";"3";"1136";"false";"1";"100088"
"65985";"863";"3";"1133";"false";"1";"100088"
"65985";"863";"3";"1337";"false";"1";"100088"
"65985";"863";"3";"1338";"false";"2";"100088"
"65985";"863";"3";"1753";"false";"2";"100088"
"65985";"863";"3";"1382";"false";"3";"100088"
"65985";"863";"3";"1340";"false";"3";"100088"
"65985";"863";"3";"1351";"false";"3";"100088"
"65985";"863";"3";"1751";"false";"4";"100088"
"65985";"863";"3";"1328";"false";"4";"100088"
"68520";"879";"3";"1337";"false";"4";"100060"
"68520";"879";"3";"1382";"false";"4";"100060"
"68520";"879";"3";"1753";"false";"4";"100060"
"68520";"879";"3";"1133";"false";"4";"100060"
"68520";"879";"3";"1335";"false";"4";"100060"
"68520";"879";"3";"1351";"false";"4";"100060"
"68520";"879";"3";"1134";"false";"4";"100060"
"68520";"879";"3";"1330";"false";"4";"100060"
"68520";"879";"3";"1751";"false";"4";"100060"
"68520";"879";"3";"1328";"false";"5";"100060"
"68123";"881";"2";"1360";"false";"1";"100061"
"68123";"881";"2";"1760";"false";"1";"100061"
"68123";"881";"2";"1750";"false";"2";"100061"
"68123";"881";"2";"1751";"false";"2";"100061"
"68123";"881";"2";"1340";"false";"2";"100061"
"68123";"881";"2";"1133";"false";"2";"100061"
"68123";"881";"2";"1332";"false";"3";"100061"
"68123";"881";"2";"1135";"false";"3";"100061"
"68123";"881";"2";"1338";"false";"4";"100061"
"68123";"881";"2";"1380";"false";"4";"100061"
"63791";"888";"3";"1134";"false";"4";"100062"
"63791";"888";"3";"1133";"false";"4";"100062"
"63791";"888";"3";"1251";"false";"4";"100062"
"63791";"888";"3";"1159";"false";"4";"100062"
"63791";"888";"3";"1380";"false";"4";"100062"
"63791";"888";"3";"1755";"false";"4";"100062"
"63791";"888";"3";"1751";"false";"4";"100062"
"63791";"888";"3";"1394";"false";"4";"100062"
"63791";"888";"3";"1366";"false";"4";"100062"
"63791";"888";"3";"1371";"false";"4";"100062"
"64554";"897";"2";"1340";"false";"4";"100063"
"64554";"897";"2";"1362";"false";"4";"100063"
"64554";"897";"2";"1396";"false";"4";"100063"
"64554";"897";"2";"1133";"false";"4";"100063"
"64554";"897";"2";"1397";"false";"4";"100063"
"64554";"897";"2";"1752";"false";"5";"100063"
"64554";"897";"2";"1392";"false";"4";"100063"
"64554";"897";"2";"1336";"false";"4";"100063"
"64554";"897";"2";"1351";"false";"4";"100063"
"64554";"897";"2";"1134";"false";"5";"100063"
"70790";"903";"2";"1340";"false";"2";"100064"
"70790";"903";"2";"1751";"false";"2";"100064"
"70790";"903";"2";"1328";"false";"2";"100064"
"70790";"903";"2";"1351";"false";"2";"100064"
"70790";"903";"2";"1339";"false";"3";"100064"
"70790";"903";"2";"1359";"false";"3";"100064"
"70790";"903";"2";"1376";"false";"4";"100064"
"70790";"903";"2";"1137";"false";"4";"100064"
"70790";"903";"2";"1382";"false";"2";"100064"
"70790";"903";"2";"1133";"false";"3";"100064"
"53585";"909";"3";"1399";"false";"4";"100065"
"53585";"909";"3";"1390";"false";"4";"100065"
"53585";"909";"3";"1396";"false";"4";"100065"
"53585";"909";"3";"1133";"false";"4";"100065"
"53585";"909";"3";"1362";"false";"4";"100065"
"53585";"909";"3";"1386";"false";"4";"100065"
"53585";"909";"3";"1137";"false";"4";"100065"
"53585";"909";"3";"1351";"false";"4";"100065"
"53585";"909";"3";"1336";"false";"4";"100065"
"53585";"909";"3";"1752";"false";"5";"100065"
"67079";"954";"1";"1328";"false";"3";"100127"
"67079";"954";"1";"1801";"false";"3";"100127"
"67079";"954";"1";"1751";"false";"4";"100127"
"67079";"954";"1";"1351";"false";"1";"100127"
"67079";"954";"1";"1382";"false";"1";"100127"
"67079";"954";"1";"1366";"false";"2";"100127"
"67079";"954";"1";"1390";"false";"2";"100127"
"67079";"954";"1";"1387";"false";"3";"100127"
"67079";"954";"1";"1133";"false";"2";"100127"
"67079";"954";"1";"1134";"false";"3";"100127"
"68038";"995";"3";"1337";"false";"4";"100080"
"68038";"995";"3";"1382";"false";"4";"100080"
"68038";"995";"3";"1753";"false";"4";"100080"
"68038";"995";"3";"1133";"false";"4";"100080"
"68038";"995";"3";"1351";"false";"4";"100080"
"68038";"995";"3";"1801";"false";"4";"100080"
"68038";"995";"3";"1134";"false";"4";"100080"
"68038";"995";"3";"1335";"false";"4";"100080"
"68038";"995";"3";"1328";"false";"4";"100080"
"68038";"995";"3";"1751";"false";"5";"100080"
"63557";"999";"2";"1382";"false";"2";"100066"
"63557";"999";"2";"1753";"false";"2";"100066"
"63557";"999";"2";"1338";"false";"2";"100066"
"63557";"999";"2";"1133";"false";"2";"100066"
"63557";"999";"2";"1751";"false";"2";"100066"
"63557";"999";"2";"1337";"false";"2";"100066"
"63557";"999";"2";"1801";"false";"3";"100066"
"63557";"999";"2";"1328";"false";"3";"100066"
"63557";"999";"2";"1351";"false";"3";"100066"
"63557";"999";"2";"1137";"false";"5";"100066"
"58561";"1003";"3";"1356";"false";"4";"100129"
"58561";"1003";"3";"1751";"false";"4";"100129"
"58561";"1003";"3";"1355";"false";"4";"100129"
"58561";"1003";"3";"1750";"false";"4";"100129"
"58561";"1003";"3";"1760";"false";"4";"100129"
"58561";"1003";"3";"1338";"false";"4";"100129"
"58561";"1003";"3";"1133";"false";"4";"100129"
"58561";"1003";"3";"1134";"false";"5";"100129"
"58561";"1003";"3";"1340";"false";"5";"100129"
"58561";"1003";"3";"1332";"false";"5";"100129"
"51276";"1004";"3";"1332";"false";"4";"100068"
"51276";"1004";"3";"1134";"false";"4";"100068"
"51276";"1004";"3";"1751";"false";"4";"100068"
"51276";"1004";"3";"1750";"false";"4";"100068"
"51276";"1004";"3";"1747";"false";"4";"100068"
"51276";"1004";"3";"1339";"false";"4";"100068"
"51276";"1004";"3";"1133";"false";"4";"100068"
"51276";"1004";"3";"1758";"false";"4";"100068"
"51276";"1004";"3";"1380";"false";"5";"100068"
"51276";"1004";"3";"1340";"false";"5";"100068"
"62625";"1008";"3";"1751";"false";"1";"100069"
"62625";"1008";"3";"1760";"false";"1";"100069"
"62625";"1008";"3";"1380";"false";"2";"100069"
"62625";"1008";"3";"1332";"false";"2";"100069"
"62625";"1008";"3";"1750";"false";"2";"100069"
"62625";"1008";"3";"1133";"false";"2";"100069"
"62625";"1008";"3";"1340";"false";"3";"100069"
"62625";"1008";"3";"1745";"false";"4";"100069"
"62625";"1008";"3";"1360";"false";"4";"100069"
"62625";"1008";"3";"1134";"false";"4";"100069"
"66761";"1009";"2";"1334";"false";"2";"100081"
"66761";"1009";"2";"1356";"false";"2";"100081"
"66761";"1009";"2";"1801";"false";"2";"100081"
"66761";"1009";"2";"1133";"false";"2";"100081"
"66761";"1009";"2";"1742";"false";"2";"100081"
"66761";"1009";"2";"1751";"false";"3";"100081"
"66761";"1009";"2";"1632";"false";"3";"100081"
"66761";"1009";"2";"1729";"false";"3";"100081"
"66761";"1009";"2";"1134";"false";"4";"100081"
"66761";"1009";"2";"85";"true";"4";"100081"
"53130";"1010";"3";"1357";"false";"4";"100070"
"53130";"1010";"3";"1801";"false";"4";"100070"
"53130";"1010";"3";"1334";"false";"4";"100070"
"53130";"1010";"3";"1356";"false";"4";"100070"
"53130";"1010";"3";"1133";"false";"4";"100070"
"53130";"1010";"3";"1751";"false";"4";"100070"
"53130";"1010";"3";"1632";"false";"4";"100070"
"53130";"1010";"3";"1742";"false";"4";"100070"
"53130";"1010";"3";"80";"true";"4";"100070"
"53130";"1010";"3";"1134";"false";"6";"100070"
"72770";"1076";"1";"1750";"false";"3";"100074"
"72770";"1076";"1";"1380";"false";"2";"100074"
"72770";"1076";"1";"1758";"false";"2";"100074"
"72770";"1076";"1";"1751";"false";"4";"100074"
"72770";"1076";"1";"1340";"false";"2";"100074"
"72770";"1076";"1";"1760";"false";"1";"100074"
"72770";"1076";"1";"1332";"false";"3";"100074"
"72770";"1076";"1";"1134";"false";"3";"100074"
"72770";"1076";"1";"1360";"false";"4";"100074"
"72770";"1076";"1";"1133";"false";"1";"100074"
"52689";"1078";"1";"1334";"false";"1";"100130"
"52689";"1078";"1";"1356";"false";"1";"100130"
"52689";"1078";"1";"1751";"false";"2";"100130"
"52689";"1078";"1";"1380";"false";"2";"100130"
"52689";"1078";"1";"1133";"false";"2";"100130"
"52689";"1078";"1";"1801";"false";"3";"100130"
"52689";"1078";"1";"1742";"false";"3";"100130"
"52689";"1078";"1";"1381";"false";"3";"100130"
"52689";"1078";"1";"1137";"false";"3";"100130"
"52689";"1078";"1";"1382";"false";"4";"100130"
"69470";"1079";"1";"1356";"false";"1";"100131"
"69470";"1079";"1";"1742";"false";"1";"100131"
"69470";"1079";"1";"1380";"false";"2";"100131"
"69470";"1079";"1";"1801";"false";"2";"100131"
"69470";"1079";"1";"1382";"false";"1";"100131"
"69470";"1079";"1";"1133";"false";"2";"100131"
"69470";"1079";"1";"1334";"false";"3";"100131"
"69470";"1079";"1";"1383";"false";"3";"100131"
"69470";"1079";"1";"1751";"false";"4";"100131"
"69470";"1079";"1";"1134";"false";"4";"100131"
"69011";"1080";"1";"1356";"false";"1";"100132"
"69011";"1080";"1";"1742";"false";"1";"100132"
"69011";"1080";"1";"1382";"false";"1";"100132"
"69011";"1080";"1";"1380";"false";"2";"100132"
"69011";"1080";"1";"1801";"false";"2";"100132"
"69011";"1080";"1";"1133";"false";"2";"100132"
"69011";"1080";"1";"1334";"false";"3";"100132"
"69011";"1080";"1";"1383";"false";"3";"100132"
"69011";"1080";"1";"1751";"false";"4";"100132"
"69011";"1080";"1";"1134";"false";"4";"100132"
"71882";"1081";"1";"1356";"false";"1";"100075"
"71882";"1081";"1";"1742";"false";"1";"100075"
"71882";"1081";"1";"1383";"false";"2";"100075"
"71882";"1081";"1";"1801";"false";"2";"100075"
"71882";"1081";"1";"1382";"false";"1";"100075"
"71882";"1081";"1";"1133";"false";"2";"100075"
"71882";"1081";"1";"1334";"false";"3";"100075"
"71882";"1081";"1";"1380";"false";"3";"100075"
"71882";"1081";"1";"1751";"false";"4";"100075"
"71882";"1081";"1";"1134";"false";"4";"100075"
"67016";"1082";"1";"1356";"false";"1";"100076"
"67016";"1082";"1";"1742";"false";"1";"100076"
"67016";"1082";"1";"1383";"false";"3";"100076"
"67016";"1082";"1";"1801";"false";"2";"100076"
"67016";"1082";"1";"1380";"false";"2";"100076"
"67016";"1082";"1";"1133";"false";"2";"100076"
"67016";"1082";"1";"1334";"false";"3";"100076"
"67016";"1082";"1";"1382";"false";"1";"100076"
"67016";"1082";"1";"1751";"false";"4";"100076"
"67016";"1082";"1";"1138";"false";"4";"100076"
"66795";"1083";"1";"1334";"false";"1";"100133"
"66795";"1083";"1";"1375";"false";"1";"100133"
"66795";"1083";"1";"1751";"false";"2";"100133"
"66795";"1083";"1";"1742";"false";"2";"100133"
"66795";"1083";"1";"1380";"false";"2";"100133"
"66795";"1083";"1";"1133";"false";"2";"100133"
"66795";"1083";"1";"1356";"false";"3";"100133"
"66795";"1083";"1";"1801";"false";"3";"100133"
"66795";"1083";"1";"1382";"false";"4";"100133"
"66795";"1083";"1";"1134";"false";"4";"100133"
"57778";"1084";"3";"1334";"false";"4";"100134"
"57778";"1084";"3";"1356";"false";"4";"100134"
"57778";"1084";"3";"1801";"false";"4";"100134"
"57778";"1084";"3";"1133";"false";"4";"100134"
"57778";"1084";"3";"1751";"false";"4";"100134"
"57778";"1084";"3";"1358";"false";"4";"100134"
"57778";"1084";"3";"1742";"false";"4";"100134"
"57778";"1084";"3";"1357";"false";"4";"100134"
"57778";"1084";"3";"1632";"false";"4";"100134"
"57778";"1084";"3";"1134";"false";"6";"100134"
"68031";"1086";"3";"1751";"false";"4";"100077"
"68031";"1086";"3";"1356";"false";"4";"100077"
"68031";"1086";"3";"1334";"false";"4";"100077"
"68031";"1086";"3";"1133";"false";"4";"100077"
"68031";"1086";"3";"1801";"false";"4";"100077"
"68031";"1086";"3";"1632";"false";"4";"100077"
"68031";"1086";"3";"1357";"false";"4";"100077"
"68031";"1086";"3";"1742";"false";"4";"100077"
"68031";"1086";"3";"1358";"false";"6";"100077"
"68031";"1086";"3";"1134";"false";"4";"100077"
"69525";"1087";"1";"1742";"false";"1";"100089"
"69525";"1087";"1";"1133";"false";"1";"100089"
"69525";"1087";"1";"1334";"false";"2";"100089"
"69525";"1087";"1";"1356";"false";"2";"100089"
"69525";"1087";"1";"1801";"false";"2";"100089"
"69525";"1087";"1";"1751";"false";"2";"100089"
"69525";"1087";"1";"1357";"false";"3";"100089"
"69525";"1087";"1";"1358";"false";"3";"100089"
"69525";"1087";"1";"1134";"false";"3";"100089"
"69525";"1087";"1";"1632";"false";"4";"100089"
"68327";"1095";"1";"1382";"false";"1";"100090"
"68327";"1095";"1";"1753";"false";"1";"100090"
"68327";"1095";"1";"1338";"false";"1";"100090"
"68327";"1095";"1";"1337";"false";"1";"100090"
"68327";"1095";"1";"1753";"false";"1";"100090"
"68327";"1095";"1";"1338";"false";"1";"100090"
"68327";"1095";"1";"1753";"false";"1";"100090"
"68327";"1095";"1";"1337";"false";"1";"100090"
"68327";"1095";"1";"1136";"false";"1";"100090"
"68327";"1095";"1";"1338";"false";"2";"100090"
"68327";"1095";"1";"1337";"false";"2";"100090"
"68327";"1095";"1";"1133";"false";"2";"100090"
"68327";"1095";"1";"1352";"false";"3";"100090"
"68327";"1095";"1";"1328";"false";"4";"100090"
"68327";"1095";"1";"1751";"false";"4";"100090"
"68327";"1095";"1";"1351";"false";"4";"100090"
"67845";"1097";"1";"1382";"false";"1";"100135"
"67845";"1097";"1";"1338";"false";"1";"100135"
"67845";"1097";"1";"1751";"false";"2";"100135"
"67845";"1097";"1";"1351";"false";"2";"100135"
"67845";"1097";"1";"1133";"false";"2";"100135"
"67845";"1097";"1";"1801";"false";"3";"100135"
"67845";"1097";"1";"1337";"false";"3";"100135"
"67845";"1097";"1";"1753";"false";"3";"100135"
"67845";"1097";"1";"1328";"false";"4";"100135"
"67845";"1097";"1";"1136";"false";"4";"100135"
"72617";"1098";"1";"1382";"false";"1";"100078"
"72617";"1098";"1";"1753";"false";"1";"100078"
"72617";"1098";"1";"1338";"false";"1";"100078"
"72617";"1098";"1";"1351";"false";"2";"100078"
"72617";"1098";"1";"1337";"false";"2";"100078"
"72617";"1098";"1";"1133";"false";"2";"100078"
"72617";"1098";"1";"1328";"false";"3";"100078"
"72617";"1098";"1";"1801";"false";"3";"100078"
"72617";"1098";"1";"1134";"false";"3";"100078"
"72617";"1098";"1";"1751";"false";"4";"100078"
"72617";"1098";"1";"1337";"false";"4";"100078"
"72617";"1098";"1";"1753";"false";"4";"100078"
"72617";"1098";"1";"1338";"false";"4";"100078"
"71671";"1161";"1";"1394";"false";"1";"100091"
"71671";"1161";"1";"1133";"false";"1";"100091"
"71671";"1161";"1";"1380";"false";"2";"100091"
"71671";"1161";"1";"1366";"false";"2";"100091"
"71671";"1161";"1";"1134";"false";"2";"100091"
"71671";"1161";"1";"1755";"false";"3";"100091"
"71671";"1161";"1";"1371";"false";"3";"100091"
"71671";"1161";"1";"1751";"false";"4";"100091"
"71671";"1161";"1";"1374";"false";"4";"100091"
"71671";"1161";"1";"1387";"false";"4";"100091"
"65643";"1162";"3";"1366";"false";"4";"100082"
"65643";"1162";"3";"1134";"false";"4";"100082"
"65643";"1162";"3";"1755";"false";"5";"100082"
"65643";"1162";"3";"1133";"false";"5";"100082"
"65643";"1162";"3";"1380";"false";"5";"100082"
"65643";"1162";"3";"1374";"false";"6";"100082"
"65643";"1162";"3";"1394";"false";"6";"100082"
"65643";"1162";"3";"1751";"false";"6";"100082"
"65643";"1162";"3";"1371";"false";"6";"100082"
"65643";"1162";"3";"1363";"false";"6";"100082"
"63155";"1163";"2";"1373";"false";"2";"100136"
"63155";"1163";"2";"1374";"false";"2";"100136"
"63155";"1163";"2";"1366";"false";"2";"100136"
"63155";"1163";"2";"1371";"false";"2";"100136"
"63155";"1163";"2";"1133";"false";"2";"100136"
"63155";"1163";"2";"1380";"false";"3";"100136"
"63155";"1163";"2";"1394";"false";"3";"100136"
"63155";"1163";"2";"1751";"false";"4";"100136"
"63155";"1163";"2";"1755";"false";"4";"100136"
"63155";"1163";"2";"1134";"false";"4";"100136"
"67380";"1166";"1";"1750";"false";"1";"100083"
"67380";"1166";"1";"1760";"false";"1";"100083"
"67380";"1166";"1";"1745";"false";"1";"100083"
"67380";"1166";"1";"1751";"false";"2";"100083"
"67380";"1166";"1";"1380";"false";"2";"100083"
"67380";"1166";"1";"1758";"false";"2";"100083"
"67380";"1166";"1";"1340";"false";"3";"100083"
"67380";"1166";"1";"1133";"false";"3";"100083"
"67380";"1166";"1";"1332";"false";"4";"100083"
"67380";"1166";"1";"1758";"false";"4";"100083"
"67380";"1166";"1";"1760";"false";"4";"100083"
"67380";"1166";"1";"1745";"false";"4";"100083"
"67380";"1166";"1";"1136";"false";"4";"100083"
"72911";"1168";"1";"1750";"false";"1";"100084"
"72911";"1168";"1";"1760";"false";"1";"100084"
"72911";"1168";"1";"1752";"false";"1";"100084"
"72911";"1168";"1";"1133";"false";"1";"100084"
"72911";"1168";"1";"1332";"false";"2";"100084"
"72911";"1168";"1";"1751";"false";"2";"100084"
"72911";"1168";"1";"1340";"false";"2";"100084"
"72911";"1168";"1";"1380";"false";"2";"100084"
"72911";"1168";"1";"1745";"false";"2";"100084"
"72911";"1168";"1";"1135";"false";"3";"100084"
"73066";"1169";"1";"1750";"false";"1";"100137"
"73066";"1169";"1";"1760";"false";"1";"100137"
"73066";"1169";"1";"1360";"false";"1";"100137"
"73066";"1169";"1";"1751";"false";"2";"100137"
"73066";"1169";"1";"1380";"false";"2";"100137"
"73066";"1169";"1";"1332";"false";"3";"100137"
"73066";"1169";"1";"1758";"false";"3";"100137"
"73066";"1169";"1";"1133";"false";"3";"100137"
"73066";"1169";"1";"1340";"false";"4";"100137"
"73066";"1169";"1";"1134";"false";"4";"100137"
"70531";"1170";"1";"1360";"false";"1";"100085"
"70531";"1170";"1";"1133";"false";"1";"100085"
"70531";"1170";"1";"1750";"false";"2";"100085"
"70531";"1170";"1";"1380";"false";"2";"100085"
"70531";"1170";"1";"1758";"false";"2";"100085"
"70531";"1170";"1";"1751";"false";"3";"100085"
"70531";"1170";"1";"1760";"false";"3";"100085"
"70531";"1170";"1";"1332";"false";"4";"100085"
"70531";"1170";"1";"1340";"false";"4";"100085"
"70531";"1170";"1";"1134";"false";"4";"100085"
"69242";"1171";"1";"1382";"false";"1";"100157"
"69242";"1171";"1";"1328";"false";"2";"100157"
"69242";"1171";"1";"1351";"false";"2";"100157"
"69242";"1171";"1";"1333";"false";"3";"100157"
"69242";"1171";"1";"1133";"false";"2";"100157"
"69242";"1171";"1";"1801";"false";"3";"100157"
"69242";"1171";"1";"1751";"false";"3";"100157"
"69242";"1171";"1";"1365";"false";"2";"100157"
"69242";"1171";"1";"1753";"false";"4";"100157"
"69242";"1171";"1";"1136";"false";"4";"100157"
"70826";"1172";"1";"1382";"false";"1";"100086"
"70826";"1172";"1";"1363";"false";"4";"100086"
"70826";"1172";"1";"1328";"false";"2";"100086"
"70826";"1172";"1";"1351";"false";"2";"100086"
"70826";"1172";"1";"1133";"false";"2";"100086"
"70826";"1172";"1";"1801";"false";"3";"100086"
"70826";"1172";"1";"1751";"false";"3";"100086"
"70826";"1172";"1";"106";"true";"3";"100086"
"70826";"1172";"1";"1377";"false";"1";"100086"
"70826";"1172";"1";"1134";"false";"4";"100086"
"72731";"1173";"1";"1382";"false";"1";"100092"
"72731";"1173";"1";"1377";"false";"1";"100092"
"72731";"1173";"1";"1328";"false";"2";"100092"
"72731";"1173";"1";"1351";"false";"2";"100092"
"72731";"1173";"1";"1133";"false";"2";"100092"
"72731";"1173";"1";"1801";"false";"3";"100092"
"72731";"1173";"1";"1751";"false";"3";"100092"
"72731";"1173";"1";"107";"true";"3";"100092"
"72731";"1173";"1";"108";"true";"4";"100092"
"72731";"1173";"1";"1136";"false";"4";"100092"
"52949";"1175";"1";"1364";"false";"1";"100167"
"52949";"1175";"1";"1333";"false";"1";"100167"
"52949";"1175";"1";"1751";"false";"2";"100167"
"52949";"1175";"1";"1382";"false";"2";"100167"
"52949";"1175";"1";"1133";"false";"2";"100167"
"52949";"1175";"1";"1801";"false";"3";"100167"
"52949";"1175";"1";"1351";"false";"3";"100167"
"52949";"1175";"1";"1328";"false";"4";"100167"
"52949";"1175";"1";"1377";"false";"4";"100167"
"52949";"1175";"1";"1134";"false";"4";"100167"
"68300";"1179";"1";"1362";"false";"2";"100093"
"68300";"1179";"1";"1396";"false";"2";"100093"
"68300";"1179";"1";"1385";"false";"2";"100093"
"68300";"1179";"1";"1389";"false";"2";"100093"
"68300";"1179";"1";"1133";"false";"2";"100093"
"68300";"1179";"1";"1336";"false";"4";"100093"
"68300";"1179";"1";"1752";"false";"4";"100093"
"68300";"1179";"1";"1351";"false";"4";"100093"
"68300";"1179";"1";"1392";"false";"4";"100093"
"68300";"1179";"1";"1136";"false";"4";"100093"
"71140";"1180";"1";"1362";"false";"2";"100168"
"71140";"1180";"1";"1396";"false";"2";"100168"
"71140";"1180";"1";"1385";"false";"2";"100168"
"71140";"1180";"1";"1389";"false";"2";"100168"
"71140";"1180";"1";"1133";"false";"2";"100168"
"71140";"1180";"1";"1336";"false";"4";"100168"
"71140";"1180";"1";"1752";"false";"4";"100168"
"71140";"1180";"1";"1351";"false";"4";"100168"
"71140";"1180";"1";"1392";"false";"4";"100168"
"71140";"1180";"1";"1135";"false";"4";"100168"
"63092";"1184";"3";"1356";"false";"4";"100158"
"63092";"1184";"3";"1334";"false";"4";"100158"
"63092";"1184";"3";"1632";"false";"4";"100158"
"63092";"1184";"3";"1133";"false";"4";"100158"
"63092";"1184";"3";"1801";"false";"4";"100158"
"63092";"1184";"3";"1751";"false";"4";"100158"
"63092";"1184";"3";"1742";"false";"4";"100158"
"63092";"1184";"3";"71";"true";"4";"100158"
"63092";"1184";"3";"70";"true";"4";"100158"
"63092";"1184";"3";"1136";"false";"4";"100158"
"59633";"1195";"3";"1338";"false";"5";"100159"
"59633";"1195";"3";"1133";"false";"5";"100159"
"59633";"1195";"3";"1136";"false";"5";"100159"
"59633";"1195";"3";"1382";"false";"6";"100159"
"59633";"1195";"3";"1337";"false";"6";"100159"
"59633";"1195";"3";"1753";"false";"6";"100159"
"59633";"1195";"3";"1801";"false";"";"100159"
"59633";"1195";"3";"1351";"false";"";"100159"
"59633";"1195";"3";"1328";"false";"";"100159"
"59633";"1195";"3";"1751";"false";"";"100159"
"68151";"1196";"1";"1338";"false";"1";"100169"
"68151";"1196";"1";"1134";"false";"1";"100169"
"68151";"1196";"1";"1133";"false";"1";"100169"
"68151";"1196";"1";"1801";"false";"2";"100169"
"68151";"1196";"1";"1382";"false";"2";"100169"
"68151";"1196";"1";"1753";"false";"2";"100169"
"68151";"1196";"1";"1328";"false";"3";"100169"
"68151";"1196";"1";"1351";"false";"3";"100169"
"68151";"1196";"1";"1337";"false";"3";"100169"
"68151";"1196";"1";"1751";"false";"4";"100169"
"53061";"1197";"2";"1338";"false";"2";"100160"
"53061";"1197";"2";"1337";"false";"2";"100160"
"53061";"1197";"2";"1137";"false";"2";"100160"
"53061";"1197";"2";"1133";"false";"2";"100160"
"53061";"1197";"2";"1340";"false";"2";"100160"
"53061";"1197";"2";"1382";"false";"2";"100160"
"53061";"1197";"2";"1368";"false";"2";"100160"
"53061";"1197";"2";"1328";"false";"3";"100160"
"53061";"1197";"2";"1751";"false";"3";"100160"
"53061";"1197";"2";"1351";"false";"4";"100160"
"63425";"1198";"3";"1382";"false";"4";"100170"
"63425";"1198";"3";"1135";"false";"4";"100170"
"63425";"1198";"3";"1337";"false";"4";"100170"
"63425";"1198";"3";"1328";"false";"4";"100170"
"63425";"1198";"3";"1338";"false";"4";"100170"
"63425";"1198";"3";"1351";"false";"4";"100170"
"63425";"1198";"3";"1801";"false";"4";"100170"
"63425";"1198";"3";"1133";"false";"4";"100170"
"63425";"1198";"3";"1335";"false";"5";"100170"
"63425";"1198";"3";"1751";"false";"5";"100170"
"53586";"1199";"1";"1382";"false";"1";"100096"
"53586";"1199";"1";"1351";"false";"2";"100096"
"53586";"1199";"1";"1339";"false";"2";"100096"
"53586";"1199";"1";"1335";"false";"2";"100096"
"53586";"1199";"1";"1133";"false";"2";"100096"
"53586";"1199";"1";"1328";"false";"3";"100096"
"53586";"1199";"1";"1801";"false";"3";"100096"
"53586";"1199";"1";"1338";"false";"3";"100096"
"53586";"1199";"1";"1751";"false";"4";"100096"
"53586";"1199";"1";"1137";"false";"4";"100096"
"70827";"1200";"1";"1382";"false";"1";"100097"
"70827";"1200";"1";"1133";"false";"1";"100097"
"70827";"1200";"1";"1136";"false";"1";"100097"
"70827";"1200";"1";"1328";"false";"2";"100097"
"70827";"1200";"1";"1351";"false";"2";"100097"
"70827";"1200";"1";"1337";"false";"2";"100097"
"70827";"1200";"1";"1801";"false";"3";"100097"
"70827";"1200";"1";"1751";"false";"3";"100097"
"70827";"1200";"1";"1338";"false";"3";"100097"
"70827";"1200";"1";"1753";"false";"3";"100097"
"65775";"1202";"1";"1382";"false";"1";"100098"
"65775";"1202";"1";"1753";"false";"1";"100098"
"65775";"1202";"1";"1135";"false";"1";"100098"
"65775";"1202";"1";"1351";"false";"2";"100098"
"65775";"1202";"1";"1338";"false";"2";"100098"
"65775";"1202";"1";"1337";"false";"2";"100098"
"65775";"1202";"1";"1133";"false";"2";"100098"
"65775";"1202";"1";"1328";"false";"3";"100098"
"65775";"1202";"1";"1801";"false";"3";"100098"
"65775";"1202";"1";"1751";"false";"3";"100098"
"72583";"1211";"1";"1382";"false";"1";"100099"
"72583";"1211";"1";"1753";"false";"1";"100099"
"72583";"1211";"1";"1337";"false";"1";"100099"
"72583";"1211";"1";"1338";"false";"2";"100099"
"72583";"1211";"1";"1351";"false";"2";"100099"
"72583";"1211";"1";"1133";"false";"2";"100099"
"72583";"1211";"1";"1328";"false";"3";"100099"
"72583";"1211";"1";"1801";"false";"3";"100099"
"72583";"1211";"1";"1134";"false";"3";"100099"
"72583";"1211";"1";"1751";"false";"4";"100099"
"73097";"1221";"1";"1382";"false";"1";"100172"
"73097";"1221";"1";"1134";"false";"1";"100172"
"73097";"1221";"1";"1337";"false";"1";"100172"
"73097";"1221";"1";"1133";"false";"2";"100172"
"73097";"1221";"1";"1801";"false";"2";"100172"
"73097";"1221";"1";"1368";"false";"2";"100172"
"73097";"1221";"1";"1338";"false";"3";"100172"
"73097";"1221";"1";"1328";"false";"3";"100172"
"73097";"1221";"1";"1351";"false";"3";"100172"
"73097";"1221";"1";"1751";"false";"4";"100172"
"63333";"1225";"1";"1339";"false";"1";"100100"
"63333";"1225";"1";"1133";"false";"1";"100100"
"63333";"1225";"1";"1328";"false";"2";"100100"
"63333";"1225";"1";"1382";"false";"2";"100100"
"63333";"1225";"1";"1359";"false";"2";"100100"
"63333";"1225";"1";"1748";"false";"2";"100100"
"63333";"1225";"1";"1801";"false";"3";"100100"
"63333";"1225";"1";"1751";"false";"3";"100100"
"63333";"1225";"1";"1351";"false";"3";"100100"
"63333";"1225";"1";"1134";"false";"3";"100100"
"66543";"1226";"1";"1751";"false";"1";"100173"
"66543";"1226";"1";"1136";"false";"1";"100173"
"66543";"1226";"1";"1337";"false";"1";"100173"
"66543";"1226";"1";"1159";"false";"2";"100173"
"66543";"1226";"1";"1801";"false";"2";"100173"
"66543";"1226";"1";"1351";"false";"2";"100173"
"66543";"1226";"1";"1133";"false";"2";"100173"
"66543";"1226";"1";"1328";"false";"3";"100173"
"66543";"1226";"1";"1382";"false";"3";"100173"
"66543";"1226";"1";"1370";"false";"3";"100173"
"73473";"1234";"1";"1760";"false";"1";"100105"
"73473";"1234";"1";"1360";"false";"1";"100105"
"73473";"1234";"1";"1750";"false";"2";"100105"
"73473";"1234";"1";"1751";"false";"3";"100105"
"73473";"1234";"1";"1340";"false";"3";"100105"
"73473";"1234";"1";"1380";"false";"2";"100105"
"73473";"1234";"1";"1758";"false";"3";"100105"
"73473";"1234";"1";"1136";"false";"3";"100105"
"73473";"1234";"1";"1332";"false";"4";"100105"
"73473";"1234";"1";"1133";"false";"4";"100105"
"57329";"1235";"1";"1750";"false";"1";"100174"
"57329";"1235";"1";"1360";"false";"1";"100174"
"57329";"1235";"1";"1133";"false";"1";"100174"
"57329";"1235";"1";"1332";"false";"2";"100174"
"57329";"1235";"1";"1751";"false";"2";"100174"
"57329";"1235";"1";"1338";"false";"2";"100174"
"57329";"1235";"1";"1135";"false";"2";"100174"
"57329";"1235";"1";"1340";"false";"3";"100174"
"57329";"1235";"1";"1760";"false";"3";"100174"
"57329";"1235";"1";"1380";"false";"4";"100174"
"67030";"1246";"1";"1367";"false";"3";"100106"
"67030";"1246";"1";"1358";"false";"3";"100106"
"67030";"1246";"1";"1752";"false";"4";"100106"
"67030";"1246";"1";"1134";"false";"4";"100106"
"67030";"1246";"1";"1336";"false";"1";"100106"
"67030";"1246";"1";"1396";"false";"2";"100106"
"67030";"1246";"1";"1352";"false";"2";"100106"
"67030";"1246";"1";"1133";"false";"2";"100106"
"67030";"1246";"1";"1362";"false";"3";"100106"
"67030";"1246";"1";"1351";"false";"3";"100106"
"72774";"1247";"1";"1382";"false";"1";"100107"
"72774";"1247";"1";"1167";"false";"1";"100107"
"72774";"1247";"1";"1760";"false";"1";"100107"
"72774";"1247";"1";"1381";"false";"2";"100107"
"72774";"1247";"1";"1380";"false";"2";"100107"
"72774";"1247";"1";"1169";"false";"2";"100107"
"72774";"1247";"1";"1340";"false";"3";"100107"
"72774";"1247";"1";"1750";"false";"3";"100107"
"72774";"1247";"1";"1332";"false";"4";"100107"
"72774";"1247";"1";"1751";"false";"4";"100107"
"71571";"1249";"1";"1750";"false";"1";"100144"
"71571";"1249";"1";"1760";"false";"1";"100144"
"71571";"1249";"1";"1751";"false";"3";"100144"
"71571";"1249";"1";"1380";"false";"3";"100144"
"71571";"1249";"1";"1373";"false";"3";"100144"
"71571";"1249";"1";"1360";"false";"3";"100144"
"71571";"1249";"1";"1133";"false";"3";"100144"
"71571";"1249";"1";"1134";"false";"3";"100144"
"71571";"1249";"1";"1332";"false";"4";"100144"
"71571";"1249";"1";"1340";"false";"4";"100144"
"68953";"1250";"1";"1751";"false";"1";"100145"
"68953";"1250";"1";"1750";"false";"1";"100145"
"68953";"1250";"1";"1133";"false";"1";"100145"
"68953";"1250";"1";"1380";"false";"2";"100145"
"68953";"1250";"1";"1360";"false";"2";"100145"
"68953";"1250";"1";"1355";"false";"2";"100145"
"68953";"1250";"1";"1332";"false";"3";"100145"
"68953";"1250";"1";"1760";"false";"3";"100145"
"68953";"1250";"1";"1340";"false";"4";"100145"
"68953";"1250";"1";"1134";"false";"4";"100145"
"67772";"1252";"1";"1133";"false";"1";"100154"
"67772";"1252";"1";"1745";"false";"2";"100154"
"67772";"1252";"1";"1760";"false";"2";"100154"
"67772";"1252";"1";"1360";"false";"3";"100154"
"67772";"1252";"1";"1751";"false";"3";"100154"
"67772";"1252";"1";"1134";"false";"3";"100154"
"67772";"1252";"1";"1332";"false";"4";"100154"
"67772";"1252";"1";"1340";"false";"4";"100154"
"67772";"1252";"1";"1750";"false";"4";"100154"
"67772";"1252";"1";"1380";"false";"4";"100154"
"69245";"1257";"1";"1334";"false";"1";"100110"
"69245";"1257";"1";"1356";"false";"1";"100110"
"69245";"1257";"1";"1133";"false";"1";"100110"
"69245";"1257";"1";"1801";"false";"2";"100110"
"69245";"1257";"1";"1751";"false";"2";"100110"
"69245";"1257";"1";"1742";"false";"2";"100110"
"69245";"1257";"1";"1728";"false";"2";"100110"
"69245";"1257";"1";"1134";"false";"2";"100110"
"69245";"1257";"1";"1732";"false";"3";"100110"
"69245";"1257";"1";"1733";"false";"4";"100110"
"66179";"1263";"1";"1390";"false";"2";"100138"
"66179";"1263";"1";"1336";"false";"2";"100138"
"66179";"1263";"1";"1396";"false";"2";"100138"
"66179";"1263";"1";"1133";"false";"2";"100138"
"66179";"1263";"1";"1135";"false";"2";"100138"
"66179";"1263";"1";"1358";"false";"3";"100138"
"66179";"1263";"1";"1362";"false";"4";"100138"
"66179";"1263";"1";"1351";"false";"4";"100138"
"66179";"1263";"1";"1331";"false";"4";"100138"
"66179";"1263";"1";"1752";"false";"4";"100138"
"69192";"1265";"1";"1133";"false";"1";"100111"
"69192";"1265";"1";"1336";"false";"2";"100111"
"69192";"1265";"1";"1396";"false";"3";"100111"
"69192";"1265";"1";"1136";"false";"2";"100111"
"69192";"1265";"1";"1352";"false";"2";"100111"
"69192";"1265";"1";"1367";"false";"3";"100111"
"69192";"1265";"1";"1381";"false";"4";"100111"
"69192";"1265";"1";"1362";"false";"4";"100111"
"69192";"1265";"1";"1752";"false";"4";"100111"
"69192";"1265";"1";"1351";"false";"4";"100111"
"69055";"1269";"1";"1336";"false";"1";"100112"
"69055";"1269";"1";"1396";"false";"2";"100112"
"69055";"1269";"1";"1390";"false";"2";"100112"
"69055";"1269";"1";"1133";"false";"2";"100112"
"69055";"1269";"1";"1362";"false";"3";"100112"
"69055";"1269";"1";"1351";"false";"3";"100112"
"69055";"1269";"1";"1352";"false";"3";"100112"
"69055";"1269";"1";"1367";"false";"3";"100112"
"69055";"1269";"1";"1752";"false";"4";"100112"
"69055";"1269";"1";"1134";"false";"4";"100112"
"65522";"1270";"1";"1133";"false";"1";"100113"
"65522";"1270";"1";"1336";"false";"2";"100113"
"65522";"1270";"1";"1396";"false";"3";"100113"
"65522";"1270";"1";"1352";"false";"2";"100113"
"65522";"1270";"1";"1135";"false";"2";"100113"
"65522";"1270";"1";"1367";"false";"3";"100113"
"65522";"1270";"1";"1362";"false";"4";"100113"
"65522";"1270";"1";"1752";"false";"4";"100113"
"65522";"1270";"1";"1351";"false";"4";"100113"
"65522";"1270";"1";"1390";"false";"4";"100113"
"52973";"1271";"3";"1375";"false";"4";"100114"
"52973";"1271";"3";"1364";"false";"4";"100114"
"52973";"1271";"3";"1133";"false";"4";"100114"
"52973";"1271";"3";"1751";"false";"4";"100114"
"52973";"1271";"3";"1356";"false";"4";"100114"
"52973";"1271";"3";"1351";"false";"4";"100114"
"52973";"1271";"3";"63";"false";"4";"100114"
"52973";"1271";"3";"1801";"false";"4";"100114"
"52973";"1271";"3";"1328";"false";"4";"100114"
"52973";"1271";"3";"1137";"false";"4";"100114"
"65282";"1273";"2";"1760";"false";"2";"100155"
"65282";"1273";"2";"1133";"false";"2";"100155"
"65282";"1273";"2";"1745";"false";"2";"100155"
"65282";"1273";"2";"1359";"false";"2";"100155"
"65282";"1273";"2";"1134";"false";"2";"100155"
"65282";"1273";"2";"1751";"false";"4";"100155"
"65282";"1273";"2";"1340";"false";"4";"100155"
"65282";"1273";"2";"1380";"false";"4";"100155"
"65282";"1273";"2";"1332";"false";"4";"100155"
"65282";"1273";"2";"1750";"false";"4";"100155"
"66378";"1277";"3";"59";"true";"2";"100115"
"66378";"1277";"3";"1801";"false";"3";"100115"
"66378";"1277";"3";"1328";"false";"4";"100115"
"66378";"1277";"3";"1364";"false";"4";"100115"
"66378";"1277";"3";"1134";"false";"4";"100115"
"66378";"1277";"3";"1133";"false";"4";"100115"
"66378";"1277";"3";"1751";"false";"4";"100115"
"66378";"1277";"3";"1351";"false";"4";"100115"
"66378";"1277";"3";"60";"true";"4";"100115"
"66378";"1277";"3";"1356";"false";"4";"100115"
"53107";"1281";"1";"1362";"false";"1";"100139"
"53107";"1281";"1";"1351";"false";"1";"100139"
"53107";"1281";"1";"1336";"false";"2";"100139"
"53107";"1281";"1";"1396";"false";"2";"100139"
"53107";"1281";"1";"1133";"false";"2";"100139"
"53107";"1281";"1";"1137";"false";"3";"100139"
"53107";"1281";"1";"1752";"false";"4";"100139"
"53107";"1281";"1";"111";"true";"4";"100139"
"53107";"1281";"1";"112";"true";"4";"100139"
"53107";"1281";"1";"113";"true";"4";"100139"
"68273";"1292";"1";"1133";"false";"2";"100117"
"68273";"1292";"1";"1382";"false";"1";"100117"
"68273";"1292";"1";"1337";"false";"1";"100117"
"68273";"1292";"1";"1134";"false";"1";"100117"
"68273";"1292";"1";"1753";"false";"1";"100117"
"68273";"1292";"1";"1751";"false";"2";"100117"
"68273";"1292";"1";"1351";"false";"2";"100117"
"68273";"1292";"1";"1338";"false";"2";"100117"
"68273";"1292";"1";"1328";"false";"3";"100117"
"68273";"1292";"1";"1801";"false";"3";"100117"
"68346";"1299";"1";"1394";"false";"2";"100156"
"68346";"1299";"1";"1133";"false";"2";"100156"
"68346";"1299";"1";"1380";"false";"2";"100156"
"68346";"1299";"1";"1366";"false";"2";"100156"
"68346";"1299";"1";"1371";"false";"2";"100156"
"68346";"1299";"1";"1755";"false";"3";"100156"
"68346";"1299";"1";"1373";"false";"3";"100156"
"68346";"1299";"1";"1751";"false";"4";"100156"
"68346";"1299";"1";"1374";"false";"4";"100156"
"68346";"1299";"1";"1134";"false";"4";"100156"
"68243";"1315";"2";"1382";"false";"1";"100141"
"68243";"1315";"2";"1355";"false";"1";"100141"
"68243";"1315";"2";"1133";"false";"1";"100141"
"68243";"1315";"2";"1135";"false";"1";"100141"
"68243";"1315";"2";"1801";"false";"2";"100141"
"68243";"1315";"2";"1351";"false";"2";"100141"
"68243";"1315";"2";"1338";"false";"2";"100141"
"68243";"1315";"2";"1753";"false";"2";"100141"
"68243";"1315";"2";"1328";"false";"4";"100141"
"68243";"1315";"2";"1751";"false";"4";"100141"
"69571";"1318";"2";"1750";"false";"4";"100142"
"69571";"1318";"2";"1758";"false";"4";"100142"
"69571";"1318";"2";"1133";"false";"4";"100142"
"69571";"1318";"2";"1760";"false";"4";"100142"
"69571";"1318";"2";"1360";"false";"4";"100142"
"69571";"1318";"2";"1380";"false";"4";"100142"
"69571";"1318";"2";"1134";"false";"4";"100142"
"69571";"1318";"2";"1751";"false";"5";"100142"
"69571";"1318";"2";"1340";"false";"5";"100142"
"69571";"1318";"2";"1332";"false";"5";"100142"
"70350";"1323";"2";"1750";"false";"4";"100149"
"70350";"1323";"2";"1758";"false";"4";"100149"
"70350";"1323";"2";"1751";"false";"4";"100149"
"70350";"1323";"2";"1380";"false";"4";"100149"
"70350";"1323";"2";"1133";"false";"4";"100149"
"70350";"1323";"2";"1340";"false";"4";"100149"
"70350";"1323";"2";"1760";"false";"4";"100149"
"70350";"1323";"2";"1332";"false";"4";"100149"
"70350";"1323";"2";"1360";"false";"4";"100149"
"70350";"1323";"2";"1134";"false";"4";"100149"
"68252";"1324";"3";"1760";"false";"6";"100150"
"68252";"1324";"3";"1380";"false";"6";"100150"
"68252";"1324";"3";"1758";"false";"6";"100150"
"68252";"1324";"3";"1750";"false";"6";"100150"
"68252";"1324";"3";"1360";"false";"6";"100150"
"68252";"1324";"3";"1340";"false";"6";"100150"
"68252";"1324";"3";"1751";"false";"6";"100150"
"68252";"1324";"3";"1133";"false";"6";"100150"
"68252";"1324";"3";"1332";"false";"6";"100150"
"68252";"1324";"3";"1134";"false";"6";"100150"
"66935";"1326";"3";"1335";"false";"6";"100151"
"66935";"1326";"3";"1339";"false";"6";"100151"
"66935";"1326";"3";"1337";"false";"6";"100151"
"66935";"1326";"3";"1133";"false";"6";"100151"
"66935";"1326";"3";"1382";"false";"6";"100151"
"66935";"1326";"3";"1751";"false";"6";"100151"
"66935";"1326";"3";"1340";"false";"6";"100151"
"66935";"1326";"3";"1134";"false";"6";"100151"
"66935";"1326";"3";"1328";"false";"6";"100151"
"66935";"1326";"3";"1351";"false";"6";"100151"
"60195";"1327";"1";"1338";"false";"2";"100152"
"60195";"1327";"1";"1335";"false";"2";"100152"
"60195";"1327";"1";"1133";"false";"2";"100152"
"60195";"1327";"1";"1382";"false";"2";"100152"
"60195";"1327";"1";"1337";"false";"2";"100152"
"60195";"1327";"1";"1751";"false";"3";"100152"
"60195";"1327";"1";"1137";"false";"3";"100152"
"60195";"1327";"1";"1328";"false";"3";"100152"
"60195";"1327";"1";"1351";"false";"3";"100152"
"60195";"1327";"1";"1352";"false";"4";"100152"
"67891";"1328";"2";"1382";"false";"4";"100153"
"67891";"1328";"2";"1365";"false";"4";"100153"
"67891";"1328";"2";"1755";"false";"4";"100153"
"67891";"1328";"2";"1133";"false";"4";"100153"
"67891";"1328";"2";"1330";"false";"4";"100153"
"67891";"1328";"2";"1351";"false";"4";"100153"
"67891";"1328";"2";"1338";"false";"4";"100153"
"67891";"1328";"2";"1328";"false";"4";"100153"
"67891";"1328";"2";"1751";"false";"4";"100153"
"67891";"1328";"2";"1134";"false";"4";"100153"
"66655";"1330";"1";"1362";"false";"2";"100143"
"66655";"1330";"1";"1396";"false";"2";"100143"
"66655";"1330";"1";"1392";"false";"2";"100143"
"66655";"1330";"1";"1385";"false";"2";"100143"
"66655";"1330";"1";"1133";"false";"2";"100143"
"66655";"1330";"1";"1336";"false";"4";"100143"
"66655";"1330";"1";"1752";"false";"4";"100143"
"66655";"1330";"1";"1351";"false";"4";"100143"
"66655";"1330";"1";"1399";"false";"4";"100143"
"66655";"1330";"1";"1134";"false";"4";"100143"
"67320";"1335";"2";"1374";"false";"4";"100175"
"67320";"1335";"2";"1133";"false";"4";"100175"
"67320";"1335";"2";"1373";"false";"4";"100175"
"67320";"1335";"2";"1371";"false";"4";"100175"
"67320";"1335";"2";"1366";"false";"4";"100175"
"67320";"1335";"2";"1751";"false";"4";"100175"
"67320";"1335";"2";"1394";"false";"4";"100175"
"67320";"1335";"2";"1380";"false";"4";"100175"
"67320";"1335";"2";"1755";"false";"4";"100175"
"67320";"1335";"2";"1136";"false";"4";"100175"
"58831";"1342";"2";"95";"true";"3";"100164"
"58831";"1342";"2";"1356";"false";"4";"100164"
"58831";"1342";"2";"1340";"false";"4";"100164"
"58831";"1342";"2";"1133";"false";"4";"100164"
"58831";"1342";"2";"1334";"false";"4";"100164"
"58831";"1342";"2";"1801";"false";"4";"100164"
"58831";"1342";"2";"1632";"false";"4";"100164"
"58831";"1342";"2";"1357";"false";"4";"100164"
"58831";"1342";"2";"1751";"false";"6";"100164"
"58831";"1342";"2";"1134";"false";"2";"100164"
"61962";"1343";"2";"1750";"false";"4";"100165"
"61962";"1343";"2";"1133";"false";"4";"100165"
"61962";"1343";"2";"1751";"false";"5";"100165"
"61962";"1343";"2";"1379";"false";"5";"100165"
"61962";"1343";"2";"1383";"false";"5";"100165"
"61962";"1343";"2";"1734";"false";"5";"100165"
"61962";"1343";"2";"1136";"false";"5";"100165"
"61962";"1343";"2";"1380";"false";"6";"100165"
"61962";"1343";"2";"1340";"false";"6";"100165"
"61962";"1343";"2";"1332";"false";"6";"100165"
