"idPredmet";"vysledek";"zkouskove_otazky";"idClovek";"termin";"datum_terminu";"mistnost";"zacatek";"idClovekPrvniZkousejici";"idClovekDruhyZkousejici";"semestrSplneni"
"1133";"-";"(null)";"2625";"-1";"(null)";"(null)";"(null)";"-1";"-1";"3"
"1133";"S";"(null)";"2625";"-1";"(null)";"(null)";"(null)";"-1";"-1";"4"
"1136";"-";"(null)";"2625";"-1";"(null)";"(null)";"(null)";"-1";"-1";"3"
"1136";"-";"(null)";"2625";"-1";"(null)";"(null)";"(null)";"-1";"-1";"4"
"1134";"-";"(null)";"2250";"-1";"(null)";"(null)";"(null)";"-1";"-1";"(null)"
"1134";"-";"(null)";"2250";"-1";"(null)";"(null)";"(null)";"-1";"-1";"(null)"
"1133";"-";"(null)";"2250";"-1";"(null)";"(null)";"(null)";"-1";"-1";"(null)"
"1133";"-";"(null)";"2250";"-1";"(null)";"(null)";"(null)";"-1";"-1";"(null)"
"1133";"-";"(null)";"2920";"-1";"(null)";"(null)";"(null)";"-1";"-1";"1"
"1133";"S";"(null)";"2920";"-1";"(null)";"(null)";"(null)";"-1";"-1";"2"
"1134";"-";"(null)";"2630";"-1";"(null)";"(null)";"(null)";"-1";"-1";"1"
"1134";"-";"(null)";"2630";"-1";"(null)";"(null)";"(null)";"-1";"-1";"2"
"1133";"-";"(null)";"2630";"-1";"(null)";"(null)";"(null)";"-1";"-1";"3"
"1133";"-";"(null)";"2630";"-1";"(null)";"(null)";"(null)";"-1";"-1";"4"
"1136";"-";"(null)";"3864";"-1";"9.6.2003 0:00";"(null)";"(null)";"-1";"-1";"1"
"1136";"S";"(null)";"3864";"-1";"9.6.2003 0:00";"(null)";"(null)";"-1";"-1";"2"
"1134";"-";"(null)";"3864";"-1";"(null)";"(null)";"(null)";"-1";"-1";"3"
"1134";"S";"(null)";"3864";"-1";"(null)";"(null)";"(null)";"-1";"-1";"4"
"1133";"-";"(null)";"3039";"-1";"(null)";"(null)";"(null)";"-1";"-1";"1"
"1133";"-";"(null)";"3039";"-1";"(null)";"(null)";"(null)";"-1";"-1";"2"
"1134";"-";"(null)";"3039";"-1";"(null)";"(null)";"(null)";"-1";"-1";"3"
"1134";"S";"(null)";"3039";"-1";"(null)";"(null)";"(null)";"-1";"-1";"4"
"1134";"-";"(null)";"3050";"-1";"(null)";"(null)";"(null)";"-1";"-1";"1"
"1134";"S";"(null)";"3050";"-1";"(null)";"(null)";"(null)";"-1";"-1";"2"
"1133";"-";"(null)";"3050";"-1";"(null)";"(null)";"(null)";"-1";"-1";"3"
"1133";"-";"(null)";"3050";"-1";"(null)";"(null)";"(null)";"-1";"-1";"4"
"1133";"-";"(null)";"3891";"-1";"(null)";"(null)";"(null)";"-1";"-1";"3"
"1133";"-";"(null)";"3891";"-1";"(null)";"(null)";"(null)";"-1";"-1";"4"
"1134";"-";"(null)";"3891";"-1";"(null)";"(null)";"(null)";"-1";"-1";"3"
"1134";"-";"(null)";"3891";"-1";"(null)";"(null)";"(null)";"-1";"-1";"4"
"1133";"-";"(null)";"2624";"-1";"(null)";"(null)";"(null)";"-1";"-1";"3"
"1133";"S";"(null)";"2624";"-1";"(null)";"(null)";"(null)";"-1";"-1";"4"
"1134";"-";"(null)";"2624";"-1";"5.5.2004 0:00";"(null)";"(null)";"-1";"-1";"3"
"1134";"S";"(null)";"2624";"-1";"5.5.2004 0:00";"(null)";"(null)";"-1";"-1";"4"
"1133";"-";"(null)";"3872";"-1";"(null)";"(null)";"(null)";"-1";"-1";"1"
"1133";"S";"(null)";"3872";"-1";"(null)";"(null)";"(null)";"-1";"-1";"2"
"1136";"-";"(null)";"3872";"-1";"(null)";"(null)";"(null)";"-1";"-1";"3"
"1136";"S";"(null)";"3872";"-1";"(null)";"(null)";"(null)";"-1";"-1";"4"
"1133";"-";"(null)";"3252";"-1";"(null)";"(null)";"(null)";"-1";"-1";"3"
"1133";"S";"(null)";"3252";"-1";"(null)";"(null)";"(null)";"-1";"-1";"4"
"1134";"-";"(null)";"3252";"-1";"21.6.2005 0:00";"(null)";"(null)";"-1";"-1";"3"
"1134";"S";"(null)";"3252";"-1";"21.6.2005 0:00";"(null)";"(null)";"-1";"-1";"4"
"1133";"-";"(null)";"3885";"-1";"14.12.2004 0:00";"(null)";"(null)";"-1";"-1";"3"
"1133";"S";"(null)";"3885";"-1";"14.12.2004 0:00";"(null)";"(null)";"-1";"-1";"4"
"1137";"-";"(null)";"3885";"-1";"(null)";"(null)";"(null)";"-1";"-1";"3"
"1137";"S";"(null)";"3885";"-1";"(null)";"(null)";"(null)";"-1";"-1";"4"
"1134";"-";"(null)";"3918";"-1";"(null)";"(null)";"(null)";"-1";"-1";"1"
"1134";"S";"(null)";"3918";"-1";"(null)";"(null)";"(null)";"-1";"-1";"2"
"1133";"-";"(null)";"3918";"-1";"(null)";"(null)";"(null)";"-1";"-1";"3"
"1133";"-";"(null)";"3918";"-1";"(null)";"(null)";"(null)";"-1";"-1";"4"
"1134";"-";"(null)";"3042";"-1";"(null)";"(null)";"(null)";"-1";"-1";"1"
"1134";"-";"(null)";"3042";"-1";"(null)";"(null)";"(null)";"-1";"-1";"2"
"1133";"-";"(null)";"3042";"-1";"(null)";"(null)";"(null)";"-1";"-1";"3"
"1133";"-";"(null)";"3042";"-1";"(null)";"(null)";"(null)";"-1";"-1";"4"
"1133";"-";"(null)";"3003";"-1";"(null)";"(null)";"(null)";"-1";"-1";"1"
"1133";"-";"(null)";"3003";"-1";"(null)";"(null)";"(null)";"-1";"-1";"2"
"1134";"-";"(null)";"3003";"-1";"(null)";"(null)";"(null)";"-1";"-1";"3"
"1134";"-";"(null)";"3003";"-1";"(null)";"(null)";"(null)";"-1";"-1";"4"
"1133";"-";"(null)";"3919";"-1";"(null)";"(null)";"(null)";"-1";"-1";"1"
"1133";"-";"(null)";"3919";"-1";"(null)";"(null)";"(null)";"-1";"-1";"2"
"1134";"-";"(null)";"3919";"-1";"(null)";"(null)";"(null)";"-1";"-1";"3"
"1134";"S";"(null)";"3919";"-1";"(null)";"(null)";"(null)";"-1";"-1";"4"
"1133";"-";"(null)";"3889";"-1";"(null)";"(null)";"(null)";"-1";"-1";"1"
"1133";"S";"(null)";"3889";"-1";"(null)";"(null)";"(null)";"-1";"-1";"2"
"1134";"-";"(null)";"3889";"-1";"(null)";"(null)";"(null)";"-1";"-1";"3"
"1134";"S";"(null)";"3889";"-1";"(null)";"(null)";"(null)";"-1";"-1";"4"
"1133";"-";"(null)";"3447";"-1";"(null)";"(null)";"(null)";"-1";"-1";"1"
"1133";"S";"(null)";"3447";"-1";"(null)";"(null)";"(null)";"-1";"-1";"2"
"1134";"-";"(null)";"3447";"-1";"(null)";"(null)";"(null)";"-1";"-1";"3"
"1134";"-";"(null)";"3447";"-1";"(null)";"(null)";"(null)";"-1";"-1";"4"
"1135";"-";"(null)";"3861";"-1";"(null)";"(null)";"(null)";"-1";"-1";"1"
"1135";"-";"(null)";"3861";"-1";"(null)";"(null)";"(null)";"-1";"-1";"2"
"1133";"-";"(null)";"3861";"-1";"(null)";"(null)";"(null)";"-1";"-1";"5"
"1133";"-";"(null)";"3861";"-1";"(null)";"(null)";"(null)";"-1";"-1";"6"
"1134";"-";"(null)";"3929";"-1";"(null)";"(null)";"(null)";"-1";"-1";"3"
"1134";"-";"(null)";"3929";"-1";"(null)";"(null)";"(null)";"-1";"-1";"4"
"1133";"-";"(null)";"3929";"-1";"(null)";"(null)";"(null)";"-1";"-1";"5"
"1133";"-";"(null)";"3929";"-1";"(null)";"(null)";"(null)";"-1";"-1";"6"
"1135";"-";"(null)";"3928";"-1";"(null)";"(null)";"(null)";"-1";"-1";"1"
"1135";"-";"(null)";"3928";"-1";"(null)";"(null)";"(null)";"-1";"-1";"2"
"1134";"-";"(null)";"3928";"-1";"(null)";"(null)";"(null)";"-1";"-1";"3"
"1134";"-";"(null)";"3928";"-1";"(null)";"(null)";"(null)";"-1";"-1";"4"
"1133";"-";"(null)";"3862";"-1";"(null)";"(null)";"(null)";"-1";"-1";"1"
"1133";"S";"(null)";"3862";"-1";"(null)";"(null)";"(null)";"-1";"-1";"2"
"1134";"-";"(null)";"3862";"-1";"(null)";"(null)";"(null)";"-1";"-1";"3"
"1134";"-";"(null)";"3862";"-1";"(null)";"(null)";"(null)";"-1";"-1";"4"
"1133";"-";"(null)";"2913";"-1";"(null)";"(null)";"(null)";"-1";"-1";"1"
"1133";"S";"(null)";"2913";"-1";"(null)";"(null)";"(null)";"-1";"-1";"2"
"1136";"-";"(null)";"2913";"-1";"(null)";"(null)";"(null)";"-1";"-1";"3"
"1136";"-";"(null)";"2913";"-1";"(null)";"(null)";"(null)";"-1";"-1";"4"
"1133";"-";"(null)";"3884";"-1";"(null)";"(null)";"(null)";"-1";"-1";"3"
"1133";"-";"(null)";"3884";"-1";"(null)";"(null)";"(null)";"-1";"-1";"4"
"1135";"-";"(null)";"3884";"-1";"(null)";"(null)";"(null)";"-1";"-1";"3"
"1135";"-";"(null)";"3884";"-1";"(null)";"(null)";"(null)";"-1";"-1";"4"
"1133";"-";"(null)";"3931";"-1";"(null)";"(null)";"(null)";"-1";"-1";"1"
"1133";"S";"(null)";"3931";"-1";"(null)";"(null)";"(null)";"-1";"-1";"2"
"1136";"-";"(null)";"3931";"-1";"(null)";"(null)";"(null)";"-1";"-1";"3"
"1136";"-";"(null)";"3931";"-1";"(null)";"(null)";"(null)";"-1";"-1";"4"
"1133";"-";"(null)";"2634";"-1";"(null)";"(null)";"(null)";"-1";"-1";"1"
"1133";"-";"(null)";"2634";"-1";"(null)";"(null)";"(null)";"-1";"-1";"2"
"1134";"-";"(null)";"2634";"-1";"(null)";"(null)";"(null)";"-1";"-1";"1"
"1134";"-";"(null)";"2634";"-1";"(null)";"(null)";"(null)";"-1";"-1";"2"
"1133";"-";"(null)";"3900";"-1";"(null)";"(null)";"(null)";"-1";"-1";"3"
"1133";"-";"(null)";"3900";"-1";"(null)";"(null)";"(null)";"-1";"-1";"4"
"1137";"-";"(null)";"3900";"-1";"(null)";"(null)";"(null)";"-1";"-1";"4"
"1137";"-";"(null)";"3900";"-1";"(null)";"(null)";"(null)";"-1";"-1";"3"
"1134";"-";"(null)";"2920";"-1";"(null)";"(null)";"(null)";"-1";"-1";"3"
"1134";"-";"(null)";"2920";"-1";"(null)";"(null)";"(null)";"-1";"-1";"4"
"1133";"-";"(null)";"3250";"-1";"(null)";"(null)";"(null)";"-1";"-1";"1"
"1133";"S";"(null)";"3250";"-1";"(null)";"(null)";"(null)";"-1";"-1";"2"
"1134";"-";"(null)";"3250";"-1";"(null)";"(null)";"(null)";"-1";"-1";"3"
"1134";"-";"(null)";"3250";"-1";"(null)";"(null)";"(null)";"-1";"-1";"4"
"1134";"-";"(null)";"3249";"-1";"10.12.2004 0:00";"(null)";"(null)";"-1";"-1";"1"
"1134";"S";"(null)";"3249";"-1";"10.12.2004 0:00";"(null)";"(null)";"-1";"-1";"2"
"1133";"-";"(null)";"3249";"-1";"(null)";"(null)";"(null)";"-1";"-1";"3"
"1133";"S";"(null)";"3249";"-1";"(null)";"(null)";"(null)";"-1";"-1";"4"
"1133";"-";"(null)";"3922";"-1";"(null)";"(null)";"(null)";"-1";"-1";"3"
"1133";"-";"(null)";"3922";"-1";"(null)";"(null)";"(null)";"-1";"-1";"4"
"1134";"-";"(null)";"3922";"-1";"(null)";"(null)";"(null)";"-1";"-1";"3"
"1134";"-";"(null)";"3922";"-1";"(null)";"(null)";"(null)";"-1";"-1";"4"
"1133";"-";"(null)";"2985";"-1";"(null)";"(null)";"(null)";"-1";"-1";"1"
"1133";"-";"(null)";"2985";"-1";"(null)";"(null)";"(null)";"-1";"-1";"2"
"1137";"-";"(null)";"2985";"-1";"(null)";"(null)";"(null)";"-1";"-1";"3"
"1137";"-";"(null)";"2985";"-1";"(null)";"(null)";"(null)";"-1";"-1";"4"
"1133";"-";"(null)";"3767";"-1";"25.5.2004 0:00";"(null)";"(null)";"-1";"-1";"1"
"1133";"S";"(null)";"3767";"-1";"25.5.2004 0:00";"(null)";"(null)";"-1";"-1";"2"
"1134";"-";"(null)";"3767";"-1";"(null)";"(null)";"(null)";"-1";"-1";"3"
"1134";"S";"(null)";"3767";"-1";"(null)";"(null)";"(null)";"-1";"-1";"4"
"1133";"-";"(null)";"3907";"-1";"(null)";"(null)";"(null)";"-1";"-1";"1"
"1133";"-";"(null)";"3907";"-1";"(null)";"(null)";"(null)";"-1";"-1";"2"
"1137";"-";"(null)";"3907";"-1";"20.10.2004 0:00";"(null)";"(null)";"-1";"-1";"1"
"1137";"S";"(null)";"3907";"-1";"20.10.2004 0:00";"(null)";"(null)";"-1";"-1";"2"
"1134";"-";"(null)";"3903";"-1";"(null)";"(null)";"(null)";"-1";"-1";"1"
"1134";"S";"(null)";"3903";"-1";"(null)";"(null)";"(null)";"-1";"-1";"2"
"1137";"-";"(null)";"3903";"-1";"2.5.2005 0:00";"(null)";"(null)";"-1";"-1";"1"
"1137";"S";"(null)";"3903";"-1";"2.5.2005 0:00";"(null)";"(null)";"-1";"-1";"2"
"1133";"-";"(null)";"3905";"-1";"(null)";"(null)";"(null)";"-1";"-1";"1"
"1133";"-";"(null)";"3905";"-1";"(null)";"(null)";"(null)";"-1";"-1";"2"
"1137";"-";"(null)";"3905";"-1";"(null)";"(null)";"(null)";"-1";"-1";"3"
"1137";"-";"(null)";"3905";"-1";"(null)";"(null)";"(null)";"-1";"-1";"4"
"1133";"-";"(null)";"3770";"-1";"(null)";"(null)";"(null)";"-1";"-1";"1"
"1133";"-";"(null)";"3770";"-1";"(null)";"(null)";"(null)";"-1";"-1";"2"
"1134";"-";"(null)";"3770";"-1";"(null)";"(null)";"(null)";"-1";"-1";"3"
"1134";"S";"(null)";"3770";"-1";"(null)";"(null)";"(null)";"-1";"-1";"4"
"1133";"-";"(null)";"3752";"-1";"(null)";"(null)";"(null)";"-1";"-1";"1"
"1133";"-";"(null)";"3752";"-1";"(null)";"(null)";"(null)";"-1";"-1";"2"
"1134";"-";"(null)";"3752";"-1";"(null)";"(null)";"(null)";"-1";"-1";"3"
"1134";"S";"(null)";"3752";"-1";"(null)";"(null)";"(null)";"-1";"-1";"4"
"1133";"-";"(null)";"3754";"-1";"(null)";"(null)";"(null)";"-1";"-1";"1"
"1133";"-";"(null)";"3754";"-1";"(null)";"(null)";"(null)";"-1";"-1";"2"
"1134";"-";"(null)";"3754";"-1";"(null)";"(null)";"(null)";"-1";"-1";"3"
"1134";"-";"(null)";"3754";"-1";"(null)";"(null)";"(null)";"-1";"-1";"4"
"1133";"-";"(null)";"3755";"-1";"(null)";"(null)";"(null)";"-1";"-1";"1"
"1133";"-";"(null)";"3755";"-1";"(null)";"(null)";"(null)";"-1";"-1";"2"
"1134";"-";"(null)";"3755";"-1";"(null)";"(null)";"(null)";"-1";"-1";"3"
"1134";"-";"(null)";"3755";"-1";"(null)";"(null)";"(null)";"-1";"-1";"4"
"1133";"-";"(null)";"3923";"-1";"19.5.2005 0:00";"(null)";"(null)";"-1";"-1";"3"
"1133";"S";"(null)";"3923";"-1";"19.5.2005 0:00";"(null)";"(null)";"-1";"-1";"4"
"1135";"-";"(null)";"3923";"-1";"(null)";"(null)";"(null)";"-1";"-1";"3"
"1135";"-";"(null)";"3923";"-1";"(null)";"(null)";"(null)";"-1";"-1";"4"
"1134";"-";"(null)";"3863";"-1";"(null)";"(null)";"(null)";"-1";"-1";"3"
"1134";"-";"(null)";"3863";"-1";"(null)";"(null)";"(null)";"-1";"-1";"4"
"1133";"-";"(null)";"3863";"-1";"(null)";"(null)";"(null)";"-1";"-1";"5"
"1133";"-";"(null)";"3863";"-1";"(null)";"(null)";"(null)";"-1";"-1";"6"
"1137";"-";"(null)";"3869";"-1";"(null)";"(null)";"(null)";"-1";"-1";"3"
"1137";"-";"(null)";"3869";"-1";"(null)";"(null)";"(null)";"-1";"-1";"4"
"1133";"-";"(null)";"3870";"-1";"(null)";"(null)";"(null)";"-1";"-1";"3"
"1133";"-";"(null)";"3870";"-1";"(null)";"(null)";"(null)";"-1";"-1";"4"
"1137";"-";"(null)";"3870";"-1";"(null)";"(null)";"(null)";"-1";"-1";"5"
"1137";"-";"(null)";"3870";"-1";"(null)";"(null)";"(null)";"-1";"-1";"6"
"1133";"-";"(null)";"3899";"-1";"(null)";"(null)";"(null)";"-1";"-1";"3"
"1133";"-";"(null)";"3899";"-1";"(null)";"(null)";"(null)";"-1";"-1";"4"
"1137";"-";"(null)";"3899";"-1";"(null)";"(null)";"(null)";"-1";"-1";"3"
"1137";"-";"(null)";"3899";"-1";"(null)";"(null)";"(null)";"-1";"-1";"4"
"1133";"-";"(null)";"4684";"-1";"(null)";"(null)";"(null)";"-1";"-1";"5"
"1133";"-";"(null)";"4684";"-1";"(null)";"(null)";"(null)";"-1";"-1";"6"
"1134";"-";"(null)";"4684";"-1";"(null)";"(null)";"(null)";"-1";"-1";"7"
"1134";"-";"(null)";"4684";"-1";"(null)";"(null)";"(null)";"-1";"-1";"8"
"1133";"-";"(null)";"2921";"-1";"(null)";"(null)";"(null)";"-1";"-1";"3"
"1133";"-";"(null)";"2921";"-1";"(null)";"(null)";"(null)";"-1";"-1";"4"
"1137";"-";"(null)";"2921";"-1";"(null)";"(null)";"(null)";"-1";"-1";"5"
"1137";"-";"(null)";"2921";"-1";"(null)";"(null)";"(null)";"-1";"-1";"6"
"1134";"-";"(null)";"3904";"-1";"(null)";"(null)";"(null)";"-1";"-1";"1"
"1134";"-";"(null)";"3904";"-1";"(null)";"(null)";"(null)";"-1";"-1";"2"
"1133";"-";"(null)";"3904";"-1";"(null)";"(null)";"(null)";"-1";"-1";"1"
"1133";"-";"(null)";"3904";"-1";"(null)";"(null)";"(null)";"-1";"-1";"2"
"1134";"-";"(null)";"3173";"-1";"(null)";"(null)";"(null)";"-1";"-1";"1"
"1134";"S";"(null)";"3173";"-1";"(null)";"(null)";"(null)";"-1";"-1";"2"
"1135";"-";"(null)";"3173";"-1";"22.3.2005 0:00";"(null)";"(null)";"-1";"-1";"3"
"1135";"S";"(null)";"3173";"-1";"22.3.2005 0:00";"(null)";"(null)";"-1";"-1";"4"
"1134";"-";"(null)";"3897";"-1";"(null)";"(null)";"(null)";"-1";"-1";"3"
"1134";"-";"(null)";"3897";"-1";"(null)";"(null)";"(null)";"-1";"-1";"4"
"1133";"-";"(null)";"3897";"-1";"(null)";"(null)";"(null)";"-1";"-1";"5"
"1133";"-";"(null)";"3897";"-1";"(null)";"(null)";"(null)";"-1";"-1";"6"
"1133";"-";"(null)";"3887";"-1";"(null)";"(null)";"(null)";"-1";"-1";"1"
"1133";"S";"(null)";"3887";"-1";"(null)";"(null)";"(null)";"-1";"-1";"2"
"1134";"-";"(null)";"3887";"-1";"(null)";"(null)";"(null)";"-1";"-1";"3"
"1134";"S";"(null)";"3887";"-1";"(null)";"(null)";"(null)";"-1";"-1";"4"
"1133";"-";"(null)";"2914";"-1";"(null)";"(null)";"(null)";"-1";"-1";"3"
"1133";"-";"(null)";"2914";"-1";"(null)";"(null)";"(null)";"-1";"-1";"4"
"1134";"-";"(null)";"2914";"-1";"(null)";"(null)";"(null)";"-1";"-1";"3"
"1134";"-";"(null)";"2914";"-1";"(null)";"(null)";"(null)";"-1";"-1";"4"
"(null)";"-";"(null)";"2625";"-1";"(null)";"(null)";"(null)";"-1";"-1";"2"
"(null)";"-";"(null)";"2625";"-1";"(null)";"(null)";"(null)";"-1";"-1";"2"
"(null)";"1";"(null)";"3885";"-1";"24.10.2003 0:00";"(null)";"(null)";"-1";"-1";"1"
"1133";"-";"(null)";"3873";"-1";"(null)";"(null)";"(null)";"-1";"-1";"1"
"1133";"-";"(null)";"3873";"-1";"(null)";"(null)";"(null)";"-1";"-1";"2"
"1134";"-";"(null)";"3873";"-1";"(null)";"(null)";"(null)";"-1";"-1";"3"
"1134";"-";"(null)";"3873";"-1";"(null)";"(null)";"(null)";"-1";"-1";"4"
"1139";"-";"(null)";"3874";"-1";"(null)";"(null)";"(null)";"-1";"-1";"1"
"1139";"S";"(null)";"3874";"-1";"(null)";"(null)";"(null)";"-1";"-1";"2"
"1133";"-";"(null)";"3874";"-1";"(null)";"(null)";"(null)";"-1";"-1";"1"
"1133";"S";"(null)";"3874";"-1";"(null)";"(null)";"(null)";"-1";"-1";"2"
"1134";"-";"(null)";"3896";"-1";"(null)";"(null)";"(null)";"-1";"-1";"3"
"1134";"-";"(null)";"3896";"-1";"(null)";"(null)";"(null)";"-1";"-1";"4"
"1137";"-";"(null)";"3896";"-1";"(null)";"(null)";"(null)";"-1";"-1";"3"
"1137";"-";"(null)";"3896";"-1";"(null)";"(null)";"(null)";"-1";"-1";"4"
"1133";"-";"(null)";"3008";"-1";"(null)";"(null)";"(null)";"-1";"-1";"1"
"1133";"-";"(null)";"3008";"-1";"(null)";"(null)";"(null)";"-1";"-1";"2"
"1133";"-";"(null)";"3007";"-1";"(null)";"(null)";"(null)";"-1";"-1";"1"
"1133";"S";"(null)";"3007";"-1";"(null)";"(null)";"(null)";"-1";"-1";"2"
"1135";"-";"(null)";"3007";"-1";"(null)";"(null)";"(null)";"-1";"-1";"3"
"1135";"-";"(null)";"3007";"-1";"(null)";"(null)";"(null)";"-1";"-1";"4"
"1133";"-";"(null)";"3041";"-1";"(null)";"(null)";"(null)";"-1";"-1";"1"
"1133";"-";"(null)";"3041";"-1";"(null)";"(null)";"(null)";"-1";"-1";"2"
"1134";"-";"(null)";"3041";"-1";"(null)";"(null)";"(null)";"-1";"-1";"3"
"1134";"-";"(null)";"3041";"-1";"(null)";"(null)";"(null)";"-1";"-1";"4"
"1134";"-";"(null)";"3858";"-1";"(null)";"(null)";"(null)";"-1";"-1";"1"
"1134";"-";"(null)";"3858";"-1";"(null)";"(null)";"(null)";"-1";"-1";"2"
"1133";"-";"(null)";"3858";"-1";"(null)";"(null)";"(null)";"-1";"-1";"1"
"1133";"-";"(null)";"3858";"-1";"(null)";"(null)";"(null)";"-1";"-1";"2"
"1134";"-";"(null)";"2918";"-1";"(null)";"(null)";"(null)";"-1";"-1";"1"
"1134";"-";"(null)";"2918";"-1";"(null)";"(null)";"(null)";"-1";"-1";"2"
"1133";"-";"(null)";"2918";"-1";"(null)";"(null)";"(null)";"-1";"-1";"3"
"1133";"-";"(null)";"2918";"-1";"(null)";"(null)";"(null)";"-1";"-1";"4"
"1133";"-";"(null)";"2919";"-1";"(null)";"(null)";"(null)";"-1";"-1";"1"
"1133";"S";"(null)";"2919";"-1";"(null)";"(null)";"(null)";"-1";"-1";"2"
"1134";"-";"(null)";"2919";"-1";"(null)";"(null)";"(null)";"-1";"-1";"3"
"1134";"-";"(null)";"2919";"-1";"(null)";"(null)";"(null)";"-1";"-1";"4"
"1133";"-";"(null)";"3006";"-1";"(null)";"(null)";"(null)";"-1";"-1";"1"
"1133";"-";"(null)";"3006";"-1";"(null)";"(null)";"(null)";"-1";"-1";"2"
"1134";"-";"(null)";"3006";"-1";"(null)";"(null)";"(null)";"-1";"-1";"1"
"1134";"-";"(null)";"3006";"-1";"(null)";"(null)";"(null)";"-1";"-1";"2"
"1133";"-";"(null)";"3110";"-1";"(null)";"(null)";"(null)";"-1";"-1";"1"
"1133";"S";"(null)";"3110";"-1";"(null)";"(null)";"(null)";"-1";"-1";"2"
"1135";"-";"(null)";"3110";"-1";"(null)";"(null)";"(null)";"-1";"-1";"3"
"1135";"-";"(null)";"3110";"-1";"(null)";"(null)";"(null)";"-1";"-1";"4"
"1133";"-";"(null)";"3859";"-1";"(null)";"(null)";"(null)";"-1";"-1";"1"
"1133";"-";"(null)";"3859";"-1";"(null)";"(null)";"(null)";"-1";"-1";"2"
"1134";"-";"(null)";"3859";"-1";"(null)";"(null)";"(null)";"-1";"-1";"5"
"1134";"-";"(null)";"3859";"-1";"(null)";"(null)";"(null)";"-1";"-1";"6"
"1134";"-";"(null)";"3866";"-1";"12.5.2005 0:00";"(null)";"(null)";"-1";"-1";"1"
"1134";"S";"(null)";"3866";"-1";"12.5.2005 0:00";"(null)";"(null)";"-1";"-1";"2"
"1133";"-";"(null)";"3866";"-1";"(null)";"(null)";"(null)";"-1";"-1";"5"
"1133";"-";"(null)";"3866";"-1";"(null)";"(null)";"(null)";"-1";"-1";"6"
"1134";"-";"(null)";"3915";"-1";"27.4.2005 0:00";"(null)";"(null)";"-1";"-1";"1"
"1134";"S";"(null)";"3915";"-1";"27.4.2005 0:00";"(null)";"(null)";"-1";"-1";"2"
"1133";"-";"(null)";"3915";"-1";"(null)";"(null)";"(null)";"-1";"-1";"5"
"1133";"-";"(null)";"3915";"-1";"(null)";"(null)";"(null)";"-1";"-1";"6"
"1137";"-";"(null)";"3920";"-1";"(null)";"(null)";"(null)";"-1";"-1";"(null)"
"1137";"-";"(null)";"3920";"-1";"(null)";"(null)";"(null)";"-1";"-1";"(null)"
"1133";"-";"(null)";"3920";"-1";"(null)";"(null)";"(null)";"-1";"-1";"(null)"
"1133";"-";"(null)";"3920";"-1";"(null)";"(null)";"(null)";"-1";"-1";"(null)"
"1137";"-";"(null)";"1823";"-1";"(null)";"(null)";"(null)";"-1";"-1";"1"
"1137";"-";"(null)";"1823";"-1";"(null)";"(null)";"(null)";"-1";"-1";"2"
"1134";"-";"(null)";"1823";"-1";"(null)";"(null)";"(null)";"-1";"-1";"5"
"1134";"-";"(null)";"1823";"-1";"(null)";"(null)";"(null)";"-1";"-1";"6"
"1133";"-";"(null)";"3877";"-1";"(null)";"(null)";"(null)";"-1";"-1";"1"
"1133";"-";"(null)";"3877";"-1";"(null)";"(null)";"(null)";"-1";"-1";"2"
"1137";"-";"(null)";"3877";"-1";"(null)";"(null)";"(null)";"-1";"-1";"3"
"1137";"-";"(null)";"3877";"-1";"(null)";"(null)";"(null)";"-1";"-1";"4"
"1137";"-";"(null)";"3879";"-1";"(null)";"(null)";"(null)";"-1";"-1";"1"
"1137";"-";"(null)";"3879";"-1";"(null)";"(null)";"(null)";"-1";"-1";"2"
"1134";"-";"(null)";"3879";"-1";"(null)";"(null)";"(null)";"-1";"-1";"3"
"1134";"-";"(null)";"3879";"-1";"(null)";"(null)";"(null)";"-1";"-1";"4"
"1137";"-";"(null)";"3906";"-1";"(null)";"(null)";"(null)";"-1";"-1";"3"
"1137";"-";"(null)";"3906";"-1";"(null)";"(null)";"(null)";"-1";"-1";"4"
"1134";"-";"(null)";"3906";"-1";"(null)";"(null)";"(null)";"-1";"-1";"3"
"1134";"-";"(null)";"3906";"-1";"(null)";"(null)";"(null)";"-1";"-1";"4"
"7285";"S";"(null)";"3007";"-1";"1.4.2005 0:00";"(null)";"(null)";"-1";"-1";"1"
"7101";"S";"(null)";"3007";"-1";"5.1.2005 0:00";"(null)";"(null)";"-1";"-1";"1"
"1134";"-";"(null)";"3008";"-1";"(null)";"(null)";"(null)";"-1";"-1";"3"
"1134";"-";"(null)";"3008";"-1";"(null)";"(null)";"(null)";"-1";"-1";"4"
"7078";"-";"(null)";"3915";"-1";"(null)";"(null)";"(null)";"-1";"-1";"1"
"6879";"S";"(null)";"2919";"-1";"5.1.2005 0:00";"(null)";"(null)";"-1";"-1";"1"
"7141";"-";"(null)";"3878";"-1";"(null)";"(null)";"(null)";"-1";"-1";"3"
"7285";"-";"(null)";"3878";"-1";"(null)";"(null)";"(null)";"-1";"-1";"2"
"7224";"-";"(null)";"3878";"-1";"(null)";"(null)";"(null)";"-1";"-1";"4"
"7101";"-";"(null)";"3878";"-1";"(null)";"(null)";"(null)";"-1";"-1";"4"
"7078";"-";"(null)";"3754";"-1";"(null)";"(null)";"(null)";"-1";"-1";"1"
"6879";"S";"(null)";"3869";"-1";"17.2.2004 0:00";"(null)";"(null)";"-1";"-1";"1"
"1134";"-";"(null)";"3434";"-1";"(null)";"(null)";"(null)";"-1";"-1";"3"
"1134";"-";"(null)";"3434";"-1";"(null)";"(null)";"(null)";"-1";"-1";"4"
"1133";"-";"(null)";"3434";"-1";"(null)";"(null)";"(null)";"-1";"-1";"3"
"1133";"-";"(null)";"3434";"-1";"(null)";"(null)";"(null)";"-1";"-1";"4"
"1133";"-";"(null)";"3881";"-1";"(null)";"(null)";"(null)";"-1";"-1";"3"
"1133";"-";"(null)";"3881";"-1";"(null)";"(null)";"(null)";"-1";"-1";"4"
"1137";"-";"(null)";"3881";"-1";"(null)";"(null)";"(null)";"-1";"-1";"3"
"1137";"-";"(null)";"3881";"-1";"(null)";"(null)";"(null)";"-1";"-1";"4"
"1133";"-";"(null)";"3882";"-1";"(null)";"(null)";"(null)";"-1";"-1";"1"
"1133";"-";"(null)";"3882";"-1";"(null)";"(null)";"(null)";"-1";"-1";"2"
"1134";"-";"(null)";"3882";"-1";"(null)";"(null)";"(null)";"-1";"-1";"3"
"1134";"-";"(null)";"3882";"-1";"(null)";"(null)";"(null)";"-1";"-1";"4"
"1133";"-";"(null)";"3053";"-1";"26.4.2005 0:00";"(null)";"(null)";"-1";"-1";"1"
"1133";"S";"(null)";"3053";"-1";"26.4.2005 0:00";"(null)";"(null)";"-1";"-1";"2"
"1134";"-";"(null)";"3053";"-1";"(null)";"(null)";"(null)";"-1";"-1";"3"
"1134";"-";"(null)";"3053";"-1";"(null)";"(null)";"(null)";"-1";"-1";"4"
"1135";"-";"(null)";"3867";"-1";"(null)";"(null)";"(null)";"-1";"-1";"1"
"1135";"-";"(null)";"3867";"-1";"(null)";"(null)";"(null)";"-1";"-1";"2"
"1133";"-";"(null)";"3867";"-1";"(null)";"(null)";"(null)";"-1";"-1";"3"
"1133";"-";"(null)";"3867";"-1";"(null)";"(null)";"(null)";"-1";"-1";"4"
"1134";"-";"(null)";"2915";"-1";"(null)";"(null)";"(null)";"-1";"-1";"3"
"1134";"-";"(null)";"2915";"-1";"(null)";"(null)";"(null)";"-1";"-1";"4"
"1133";"-";"(null)";"2915";"-1";"(null)";"(null)";"(null)";"-1";"-1";"3"
"1133";"-";"(null)";"2915";"-1";"(null)";"(null)";"(null)";"-1";"-1";"4"
"1133";"-";"(null)";"3924";"-1";"(null)";"(null)";"(null)";"-1";"-1";"(null)"
"1133";"-";"(null)";"3924";"-1";"(null)";"(null)";"(null)";"-1";"-1";"(null)"
"1133";"-";"(null)";"3740";"-1";"(null)";"(null)";"(null)";"-1";"-1";"1"
"1133";"-";"(null)";"3740";"-1";"(null)";"(null)";"(null)";"-1";"-1";"2"
"1134";"-";"(null)";"3740";"-1";"(null)";"(null)";"(null)";"-1";"-1";"3"
"1134";"-";"(null)";"3740";"-1";"(null)";"(null)";"(null)";"-1";"-1";"4"
"1133";"-";"(null)";"3044";"-1";"(null)";"(null)";"(null)";"-1";"-1";"1"
"1133";"-";"(null)";"3044";"-1";"(null)";"(null)";"(null)";"-1";"-1";"2"
"1135";"-";"(null)";"3044";"-1";"(null)";"(null)";"(null)";"-1";"-1";"3"
"1135";"-";"(null)";"3044";"-1";"(null)";"(null)";"(null)";"-1";"-1";"4"
"7078";"S";"(null)";"3870";"-1";"10.5.2004 0:00";"(null)";"(null)";"-1";"-1";"1"
"8959";"-";"(null)";"3044";"-1";"(null)";"(null)";"(null)";"-1";"-1";"2"
"7081";"-";"(null)";"3918";"-1";"(null)";"(null)";"(null)";"-1";"-1";"1"
"7062";"-";"(null)";"3044";"-1";"(null)";"(null)";"(null)";"-1";"-1";"3"
"7078";"S";"(null)";"2915";"-1";"13.5.2005 0:00";"(null)";"(null)";"-1";"-1";"1"
"6879";"S";"(null)";"2915";"-1";"28.6.2005 0:00";"(null)";"(null)";"-1";"-1";"1"
"7391";"-";"(null)";"3924";"-1";"(null)";"(null)";"(null)";"-1";"-1";"(null)"
"7353";"-";"(null)";"3924";"-1";"(null)";"(null)";"(null)";"-1";"-1";"(null)"
"9061";"-";"(null)";"3924";"-1";"(null)";"(null)";"(null)";"-1";"-1";"(null)"
"6929";"S";"(null)";"3053";"-1";"10.2.2005 0:00";"(null)";"(null)";"-1";"-1";"1"
"(null)";"-";"(null)";"3053";"-1";"(null)";"(null)";"(null)";"-1";"-1";"3"
"7295";"-";"(null)";"3053";"-1";"(null)";"(null)";"(null)";"-1";"-1";"3"
"7139";"-";"(null)";"3053";"-1";"(null)";"(null)";"(null)";"-1";"-1";"4"
"7285";"-";"(null)";"3742";"-1";"(null)";"(null)";"(null)";"-1";"-1";"2"
"1133";"-";"(null)";"3009";"-1";"(null)";"(null)";"(null)";"-1";"-1";"3"
"1133";"-";"(null)";"3009";"-1";"(null)";"(null)";"(null)";"-1";"-1";"4"
"1134";"-";"(null)";"3009";"-1";"(null)";"(null)";"(null)";"-1";"-1";"5"
"1134";"-";"(null)";"3009";"-1";"(null)";"(null)";"(null)";"-1";"-1";"6"
"6929";"-";"(null)";"2250";"-1";"(null)";"(null)";"(null)";"-1";"-1";"(null)"
"(null)";"-";"(null)";"2250";"-1";"(null)";"(null)";"(null)";"-1";"-1";"(null)"
"7295";"-";"(null)";"2250";"-1";"(null)";"(null)";"(null)";"-1";"-1";"(null)"
"7139";"-";"(null)";"2250";"-1";"(null)";"(null)";"(null)";"-1";"-1";"(null)"
"7285";"S";"(null)";"3740";"-1";"28.2.2005 0:00";"(null)";"(null)";"-1";"-1";"1"
"7259";"S";"(null)";"3740";"-1";"1.7.2005 0:00";"(null)";"(null)";"-1";"-1";"1"
"7285";"-";"(null)";"3882";"-1";"(null)";"(null)";"(null)";"-1";"-1";"1"
"7325";"-";"(null)";"3882";"-1";"(null)";"(null)";"(null)";"-1";"-1";"2"
"7293";"-";"(null)";"3882";"-1";"(null)";"(null)";"(null)";"-1";"-1";"3"
"7243";"-";"(null)";"3882";"-1";"(null)";"(null)";"(null)";"-1";"-1";"4"
"7262";"S";"(null)";"3881";"-1";"17.2.2005 0:00";"(null)";"(null)";"-1";"-1";"1"
"7285";"-";"(null)";"3881";"-1";"(null)";"(null)";"(null)";"-1";"-1";"3"
"7245";"-";"(null)";"3881";"-1";"(null)";"(null)";"(null)";"-1";"-1";"3"
"7285";"S";"(null)";"3434";"-1";"22.3.2005 0:00";"(null)";"(null)";"-1";"-1";"1"
"7078";"-";"(null)";"3867";"-1";"(null)";"(null)";"(null)";"-1";"-1";"1"
"7121";"-";"(null)";"3867";"-1";"(null)";"(null)";"(null)";"-1";"-1";"2"
"7124";"-";"(null)";"3867";"-1";"(null)";"(null)";"(null)";"-1";"-1";"3"
"6879";"-";"(null)";"3867";"-1";"(null)";"(null)";"(null)";"-1";"-1";"4"
"7002";"-";"(null)";"3867";"-1";"(null)";"(null)";"(null)";"-1";"-1";"4"
"7078";"S";"(null)";"2918";"-1";"9.6.2005 0:00";"(null)";"(null)";"-1";"-1";"1"
"7121";"S";"(null)";"2918";"-1";"7.3.2005 0:00";"(null)";"(null)";"-1";"-1";"1"
"7078";"S";"(null)";"3866";"-1";"23.3.2005 0:00";"(null)";"(null)";"-1";"-1";"1"
"7121";"S";"(null)";"3866";"-1";"27.4.2005 0:00";"(null)";"(null)";"-1";"-1";"3"
"7126";"S";"(null)";"3866";"-1";"29.6.2005 0:00";"(null)";"(null)";"-1";"-1";"4"
"6879";"-";"(null)";"3866";"-1";"(null)";"(null)";"(null)";"-1";"-1";"5"
"6879";"S";"(null)";"2913";"-1";"18.10.2004 0:00";"(null)";"(null)";"-1";"-1";"1"
"7078";"S";"(null)";"2913";"-1";"25.5.2005 0:00";"(null)";"(null)";"-1";"-1";"3"
"7121";"S";"(null)";"2913";"-1";"5.2.2004 0:00";"(null)";"(null)";"-1";"-1";"4"
"7078";"S";"(null)";"2921";"-1";"17.3.2004 0:00";"(null)";"(null)";"-1";"-1";"1"
"6879";"S";"(null)";"2921";"-1";"22.9.2004 0:00";"(null)";"(null)";"-1";"-1";"2"
"7002";"S";"(null)";"2921";"-1";"7.2.2005 0:00";"(null)";"(null)";"-1";"-1";"4"
"7124";"-";"(null)";"2921";"-1";"(null)";"(null)";"(null)";"-1";"-1";"5"
"7121";"S";"(null)";"3872";"-1";"12.7.2004 0:00";"(null)";"(null)";"-1";"-1";"3"
"7220";"-";"(null)";"3896";"-1";"(null)";"(null)";"(null)";"-1";"-1";"2"
"6879";"S";"(null)";"3872";"-1";"9.9.2004 0:00";"(null)";"(null)";"-1";"-1";"3"
"7222";"-";"(null)";"3896";"-1";"(null)";"(null)";"(null)";"-1";"-1";"3"
"7002";"-";"(null)";"3896";"-1";"(null)";"(null)";"(null)";"-1";"-1";"4"
"9061";"-";"(null)";"3896";"-1";"(null)";"(null)";"(null)";"-1";"-1";"6"
"7385";"S";"(null)";"3931";"-1";"20.2.2004 0:00";"(null)";"(null)";"-1";"-1";"1"
"7304";"-";"(null)";"3931";"-1";"(null)";"(null)";"(null)";"-1";"-1";"3"
"7371";"S";"(null)";"3899";"-1";"16.9.2004 0:00";"(null)";"(null)";"-1";"-1";"2"
"7353";"-";"(null)";"3899";"-1";"(null)";"(null)";"(null)";"-1";"-1";"3"
"9061";"-";"(null)";"3899";"-1";"(null)";"(null)";"(null)";"-1";"-1";"6"
"7371";"S";"(null)";"3900";"-1";"16.9.2004 0:00";"(null)";"(null)";"-1";"-1";"2"
"7353";"-";"(null)";"3900";"-1";"(null)";"(null)";"(null)";"-1";"-1";"3"
"9061";"-";"(null)";"3900";"-1";"(null)";"(null)";"(null)";"-1";"-1";"6"
"7219";"-";"(null)";"3928";"-1";"(null)";"(null)";"(null)";"-1";"-1";"1"
"7062";"S";"(null)";"3928";"-1";"3.11.2004 0:00";"(null)";"(null)";"-1";"-1";"2"
"7062";"S";"(null)";"3929";"-1";"2.9.2004 0:00";"(null)";"(null)";"-1";"-1";"2"
"6932";"-";"(null)";"3929";"-1";"(null)";"(null)";"(null)";"-1";"-1";"3"
"7219";"-";"(null)";"3929";"-1";"(null)";"(null)";"(null)";"-1";"-1";"4"
"7205";"-";"(null)";"3863";"-1";"(null)";"(null)";"(null)";"-1";"-1";"2"
"7101";"-";"(null)";"3863";"-1";"(null)";"(null)";"(null)";"-1";"-1";"2"
"6929";"-";"(null)";"3863";"-1";"(null)";"(null)";"(null)";"-1";"-1";"4"
"7214";"-";"(null)";"3863";"-1";"(null)";"(null)";"(null)";"-1";"-1";"5"
"7301";"S";"(null)";"3887";"-1";"15.7.2005 0:00";"(null)";"(null)";"-1";"-1";"5"
"7002";"S";"(null)";"3887";"-1";"28.1.2005 0:00";"(null)";"(null)";"-1";"-1";"3"
"(null)";"S";"(null)";"3889";"-1";"1.7.2004 0:00";"(null)";"(null)";"-1";"-1";"2"
"7002";"S";"(null)";"3889";"-1";"30.11.2004 0:00";"(null)";"(null)";"-1";"-1";"3"
"7301";"S";"(null)";"3889";"-1";"27.6.2005 0:00";"(null)";"(null)";"-1";"-1";"5"
"(null)";"S";"(null)";"3447";"-1";"6.2.2004 0:00";"(null)";"(null)";"-1";"-1";"1"
"7302";"S";"(null)";"3447";"-1";"14.3.2005 0:00";"(null)";"(null)";"-1";"-1";"5"
"5795";"S";"(null)";"3447";"-1";"24.6.2004 0:00";"(null)";"(null)";"-1";"-1";"6"
"(null)";"S";"(null)";"3447";"-1";"25.1.2005 0:00";"(null)";"(null)";"-1";"-1";"2"
"(null)";"S";"(null)";"2985";"-1";"10.2.2004 0:00";"(null)";"(null)";"-1";"-1";"1"
"7002";"S";"(null)";"2985";"-1";"10.2.2004 0:00";"(null)";"(null)";"-1";"-1";"1"
"7302";"-";"(null)";"2985";"-1";"(null)";"(null)";"(null)";"-1";"-1";"3"
"(null)";"S";"(null)";"2985";"-1";"25.1.2005 0:00";"(null)";"(null)";"-1";"-1";"4"
"7081";"-";"(null)";"2985";"-1";"(null)";"(null)";"(null)";"-1";"-1";"5"
"(null)";"S";"(null)";"3919";"-1";"27.4.2004 0:00";"(null)";"(null)";"-1";"-1";"2"
"7301";"S";"(null)";"3919";"-1";"15.2.2005 0:00";"(null)";"(null)";"-1";"-1";"5"
"7002";"S";"(null)";"3919";"-1";"1.3.2005 0:00";"(null)";"(null)";"-1";"-1";"4"
"7081";"S";"(null)";"3919";"-1";"26.4.2005 0:00";"(null)";"(null)";"-1";"-1";"5"
"7302";"S";"(null)";"3919";"-1";"3.2.2005 0:00";"(null)";"(null)";"-1";"-1";"3"
"7081";"S";"(null)";"4684";"-1";"7.1.2003 0:00";"(null)";"(null)";"-1";"-1";"1"
"(null)";"S";"(null)";"4684";"-1";"3.7.2003 0:00";"(null)";"(null)";"-1";"-1";"1"
"7302";"S";"(null)";"4684";"-1";"1.7.2003 0:00";"(null)";"(null)";"-1";"-1";"1"
"(null)";"S";"(null)";"4684";"-1";"25.9.2003 0:00";"(null)";"(null)";"-1";"-1";"2"
"7002";"-";"(null)";"4684";"-1";"(null)";"(null)";"(null)";"-1";"-1";"2"
"(null)";"-";"(null)";"3903";"-1";"(null)";"(null)";"(null)";"-1";"-1";"1"
"7282";"-";"(null)";"3903";"-1";"(null)";"(null)";"(null)";"-1";"-1";"2"
"7383";"-";"(null)";"3903";"-1";"(null)";"(null)";"(null)";"-1";"-1";"2"
"7289";"-";"(null)";"3903";"-1";"(null)";"(null)";"(null)";"-1";"-1";"3"
"(null)";"-";"(null)";"3904";"-1";"(null)";"(null)";"(null)";"-1";"-1";"1"
"7383";"-";"(null)";"3904";"-1";"(null)";"(null)";"(null)";"-1";"-1";"1"
"7282";"-";"(null)";"3904";"-1";"(null)";"(null)";"(null)";"-1";"-1";"2"
"7002";"-";"(null)";"3904";"-1";"(null)";"(null)";"(null)";"-1";"-1";"3"
"(null)";"-";"(null)";"3905";"-1";"(null)";"(null)";"(null)";"-1";"-1";"1"
"7321";"-";"(null)";"3905";"-1";"(null)";"(null)";"(null)";"-1";"-1";"1"
"7282";"-";"(null)";"3905";"-1";"(null)";"(null)";"(null)";"-1";"-1";"2"
"7289";"-";"(null)";"3905";"-1";"(null)";"(null)";"(null)";"-1";"-1";"3"
"7078";"-";"(null)";"3755";"-1";"(null)";"(null)";"(null)";"-1";"-1";"2"
"7282";"-";"(null)";"3755";"-1";"(null)";"(null)";"(null)";"-1";"-1";"3"
"7145";"S";"(null)";"3755";"-1";"25.1.2005 0:00";"(null)";"(null)";"-1";"-1";"3"
"7323";"-";"(null)";"3755";"-1";"(null)";"(null)";"(null)";"-1";"-1";"2"
"(null)";"-";"(null)";"3907";"-1";"(null)";"(null)";"(null)";"-1";"-1";"1"
"7282";"-";"(null)";"3907";"-1";"(null)";"(null)";"(null)";"-1";"-1";"2"
"7002";"-";"(null)";"3907";"-1";"(null)";"(null)";"(null)";"-1";"-1";"2"
"7289";"-";"(null)";"3907";"-1";"(null)";"(null)";"(null)";"-1";"-1";"3"
"7101";"S";"(null)";"3008";"-1";"5.1.2005 0:00";"(null)";"(null)";"-1";"-1";"1"
"7141";"-";"(null)";"3008";"-1";"(null)";"(null)";"(null)";"-1";"-1";"1"
"7285";"S";"(null)";"3008";"-1";"11.1.2005 0:00";"(null)";"(null)";"-1";"-1";"1"
"7358";"-";"(null)";"3008";"-1";"(null)";"(null)";"(null)";"-1";"-1";"4"
"7205";"-";"(null)";"3858";"-1";"(null)";"(null)";"(null)";"-1";"-1";"1"
"7101";"S";"(null)";"3858";"-1";"22.3.2005 0:00";"(null)";"(null)";"-1";"-1";"1"
"7285";"S";"(null)";"3858";"-1";"27.6.2005 0:00";"(null)";"(null)";"-1";"-1";"2"
"7214";"S";"(null)";"3858";"-1";"7.2.2005 0:00";"(null)";"(null)";"-1";"-1";"2"
"7285";"-";"(null)";"3006";"-1";"(null)";"(null)";"(null)";"-1";"-1";"1"
"7101";"-";"(null)";"3006";"-1";"(null)";"(null)";"(null)";"-1";"-1";"2"
"7285";"-";"(null)";"3859";"-1";"(null)";"(null)";"(null)";"-1";"-1";"1"
"7101";"-";"(null)";"3859";"-1";"(null)";"(null)";"(null)";"-1";"-1";"2"
"7214";"-";"(null)";"3859";"-1";"(null)";"(null)";"(null)";"-1";"-1";"3"
"7358";"-";"(null)";"3859";"-1";"(null)";"(null)";"(null)";"-1";"-1";"3"
"7970";"-";"(null)";"3859";"-1";"(null)";"(null)";"(null)";"-1";"-1";"4"
"7214";"S";"(null)";"3920";"-1";"6.5.2005 0:00";"(null)";"(null)";"-1";"-1";"(null)"
"7285";"-";"(null)";"3920";"-1";"(null)";"(null)";"(null)";"-1";"-1";"(null)"
"7101";"-";"(null)";"3920";"-1";"(null)";"(null)";"(null)";"-1";"-1";"(null)"
"(null)";"-";"(null)";"3877";"-1";"(null)";"(null)";"(null)";"-1";"-1";"2"
"7285";"-";"(null)";"3877";"-1";"(null)";"(null)";"(null)";"-1";"-1";"3"
"7101";"-";"(null)";"3877";"-1";"(null)";"(null)";"(null)";"-1";"-1";"5"
"7285";"-";"(null)";"3879";"-1";"(null)";"(null)";"(null)";"-1";"-1";"4"
"(null)";"-";"(null)";"3879";"-1";"(null)";"(null)";"(null)";"-1";"-1";"2"
"7101";"-";"(null)";"3879";"-1";"(null)";"(null)";"(null)";"-1";"-1";"5"
"7101";"S";"(null)";"3003";"-1";"14.10.2004 0:00";"(null)";"(null)";"-1";"-1";"1"
"7141";"-";"(null)";"3003";"-1";"(null)";"(null)";"(null)";"-1";"-1";"3"
"7395";"-";"(null)";"3922";"-1";"(null)";"(null)";"(null)";"-1";"-1";"1"
"7282";"-";"(null)";"3922";"-1";"(null)";"(null)";"(null)";"-1";"-1";"2"
"7101";"S";"(null)";"3922";"-1";"5.10.2004 0:00";"(null)";"(null)";"-1";"-1";"4"
"7358";"-";"(null)";"3861";"-1";"(null)";"(null)";"(null)";"-1";"-1";"2"
"7205";"S";"(null)";"3861";"-1";"19.2.2004 0:00";"(null)";"(null)";"-1";"-1";"1"
"7285";"-";"(null)";"3041";"-1";"(null)";"(null)";"(null)";"-1";"-1";"1"
"7205";"-";"(null)";"3041";"-1";"(null)";"(null)";"(null)";"-1";"-1";"2"
"7101";"-";"(null)";"3041";"-1";"(null)";"(null)";"(null)";"-1";"-1";"2"
"7358";"-";"(null)";"3041";"-1";"(null)";"(null)";"(null)";"-1";"-1";"3"
"7304";"-";"(null)";"3041";"-1";"(null)";"(null)";"(null)";"-1";"-1";"4"
"7121";"S";"(null)";"2914";"-1";"5.2.2004 0:00";"(null)";"(null)";"-1";"-1";"1"
"7078";"S";"(null)";"2914";"-1";"25.2.2004 0:00";"(null)";"(null)";"-1";"-1";"1"
"6879";"S";"(null)";"2914";"-1";"24.6.2004 0:00";"(null)";"(null)";"-1";"-1";"4"
"7205";"-";"(null)";"3007";"-1";"(null)";"(null)";"(null)";"-1";"-1";"2"
"(null)";"S";"(null)";"3007";"-1";"22.6.2005 0:00";"(null)";"(null)";"-1";"-1";"2"
"7121";"-";"(null)";"2915";"-1";"(null)";"(null)";"(null)";"-1";"-1";"3"
"7122";"-";"(null)";"2915";"-1";"(null)";"(null)";"(null)";"-1";"-1";"3"
"7148";"S";"(null)";"2915";"-1";"30.6.2005 0:00";"(null)";"(null)";"-1";"-1";"6"
"7150";"S";"(null)";"2919";"-1";"8.2.2005 0:00";"(null)";"(null)";"-1";"-1";"1"
"7970";"S";"(null)";"2919";"-1";"1.7.2005 0:00";"(null)";"(null)";"-1";"-1";"1"
"7078";"S";"(null)";"2919";"-1";"18.7.2005 0:00";"(null)";"(null)";"-1";"-1";"2"
"7285";"S";"(null)";"3110";"-1";"29.3.2005 0:00";"(null)";"(null)";"-1";"-1";"1"
"7205";"-";"(null)";"3044";"-1";"(null)";"(null)";"(null)";"-1";"-1";"1"
"7139";"-";"(null)";"3044";"-1";"(null)";"(null)";"(null)";"-1";"-1";"2"
"7343";"-";"(null)";"3044";"-1";"(null)";"(null)";"(null)";"-1";"-1";"6"
"7302";"S";"(null)";"3915";"-1";"7.12.2004 0:00";"(null)";"(null)";"-1";"-1";"3"
"7002";"-";"(null)";"3915";"-1";"(null)";"(null)";"(null)";"-1";"-1";"4"
"(null)";"-";"(null)";"3915";"-1";"(null)";"(null)";"(null)";"-1";"-1";"4"
"7301";"S";"(null)";"3915";"-1";"27.4.2005 0:00";"(null)";"(null)";"-1";"-1";"5"
"7002";"S";"(null)";"3173";"-1";"19.10.2004 0:00";"(null)";"(null)";"-1";"-1";"2"
"(null)";"S";"(null)";"3173";"-1";"13.2.2004 0:00";"(null)";"(null)";"-1";"-1";"2"
"(null)";"S";"(null)";"3173";"-1";"25.1.2005 0:00";"(null)";"(null)";"-1";"-1";"3"
"7302";"-";"(null)";"3173";"-1";"(null)";"(null)";"(null)";"-1";"-1";"4"
"7200";"-";"(null)";"3754";"-1";"(null)";"(null)";"(null)";"-1";"-1";"1"
"7323";"-";"(null)";"3754";"-1";"(null)";"(null)";"(null)";"-1";"-1";"1"
"7143";"-";"(null)";"3754";"-1";"(null)";"(null)";"(null)";"-1";"-1";"2"
"7145";"S";"(null)";"3754";"-1";"25.1.2005 0:00";"(null)";"(null)";"-1";"-1";"4"
"7078";"S";"(null)";"3869";"-1";"7.12.2004 0:00";"(null)";"(null)";"-1";"-1";"2"
"7126";"-";"(null)";"3869";"-1";"(null)";"(null)";"(null)";"-1";"-1";"4"
"(null)";"S";"(null)";"3767";"-1";"10.2.2004 0:00";"(null)";"(null)";"-1";"-1";"1"
"7002";"S";"(null)";"3767";"-1";"10.2.2004 0:00";"(null)";"(null)";"-1";"-1";"1"
"7302";"-";"(null)";"3767";"-1";"(null)";"(null)";"(null)";"-1";"-1";"3"
"(null)";"S";"(null)";"3767";"-1";"25.1.2005 0:00";"(null)";"(null)";"-1";"-1";"4"
"7317";"-";"(null)";"3752";"-1";"(null)";"(null)";"(null)";"-1";"-1";"1"
"7319";"-";"(null)";"3752";"-1";"(null)";"(null)";"(null)";"-1";"-1";"1"
"7200";"-";"(null)";"3752";"-1";"(null)";"(null)";"(null)";"-1";"-1";"1"
"7321";"S";"(null)";"3752";"-1";"17.1.2005 0:00";"(null)";"(null)";"-1";"-1";"4"
"7323";"-";"(null)";"3752";"-1";"(null)";"(null)";"(null)";"-1";"-1";"4"
"7205";"-";"(null)";"2250";"-1";"(null)";"(null)";"(null)";"-1";"-1";"(null)"
"6929";"S";"(null)";"3042";"-1";"21.10.2004 0:00";"(null)";"(null)";"-1";"-1";"2"
"7205";"S";"(null)";"3042";"-1";"27.9.2004 0:00";"(null)";"(null)";"-1";"-1";"2"
"(null)";"S";"(null)";"3042";"-1";"21.2.2005 0:00";"(null)";"(null)";"-1";"-1";"3"
"7296";"S";"(null)";"3042";"-1";"24.2.2005 0:00";"(null)";"(null)";"-1";"-1";"4"
"7295";"-";"(null)";"3042";"-1";"(null)";"(null)";"(null)";"-1";"-1";"5"
"7317";"-";"(null)";"3770";"-1";"(null)";"(null)";"(null)";"-1";"-1";"1"
"7319";"-";"(null)";"3770";"-1";"(null)";"(null)";"(null)";"-1";"-1";"1"
"7200";"-";"(null)";"3770";"-1";"(null)";"(null)";"(null)";"-1";"-1";"1"
"7321";"S";"(null)";"3770";"-1";"17.1.2005 0:00";"(null)";"(null)";"-1";"-1";"2"
"7323";"-";"(null)";"3770";"-1";"(null)";"(null)";"(null)";"-1";"-1";"2"
"6879";"S";"(null)";"3870";"-1";"16.11.2004 0:00";"(null)";"(null)";"-1";"-1";"2"
"7121";"S";"(null)";"3870";"-1";"31.5.2005 0:00";"(null)";"(null)";"-1";"-1";"3"
"7002";"-";"(null)";"3870";"-1";"(null)";"(null)";"(null)";"-1";"-1";"4"
"7126";"-";"(null)";"3870";"-1";"(null)";"(null)";"(null)";"-1";"-1";"5"
"(null)";"S";"(null)";"3918";"-1";"10.2.2004 0:00";"(null)";"(null)";"-1";"-1";"1"
"7002";"S";"(null)";"3918";"-1";"10.2.2004 0:00";"(null)";"(null)";"-1";"-1";"1"
"7302";"-";"(null)";"3918";"-1";"(null)";"(null)";"(null)";"-1";"-1";"4"
"7301";"-";"(null)";"3918";"-1";"(null)";"(null)";"(null)";"-1";"-1";"5"
"7358";"-";"(null)";"3007";"-1";"(null)";"(null)";"(null)";"-1";"-1";"2"
"1133";"-";"(null)";"3925";"-1";"(null)";"(null)";"(null)";"-1";"-1";"1"
"1133";"S";"(null)";"3925";"-1";"(null)";"(null)";"(null)";"-1";"-1";"2"
"1136";"-";"(null)";"3925";"-1";"6.6.2005 0:00";"(null)";"(null)";"-1";"-1";"3"
"1136";"S";"(null)";"3925";"-1";"6.6.2005 0:00";"(null)";"(null)";"-1";"-1";"4"
"1133";"-";"(null)";"3913";"-1";"(null)";"(null)";"(null)";"-1";"-1";"3"
"1133";"-";"(null)";"3913";"-1";"(null)";"(null)";"(null)";"-1";"-1";"4"
"1137";"-";"(null)";"3913";"-1";"(null)";"(null)";"(null)";"-1";"-1";"5"
"1137";"-";"(null)";"3913";"-1";"(null)";"(null)";"(null)";"-1";"-1";"6"
"1134";"-";"(null)";"3742";"-1";"(null)";"(null)";"(null)";"-1";"-1";"1"
"1134";"-";"(null)";"3742";"-1";"(null)";"(null)";"(null)";"-1";"-1";"2"
"1133";"-";"(null)";"3742";"-1";"(null)";"(null)";"(null)";"-1";"-1";"3"
"1133";"-";"(null)";"3742";"-1";"(null)";"(null)";"(null)";"-1";"-1";"4"
"7002";"S";"(null)";"3447";"-1";"8.10.2004 0:00";"(null)";"(null)";"-1";"-1";"3"
"1134";"-";"(null)";"2260";"-1";"(null)";"(null)";"(null)";"-1";"-1";"1"
"1134";"-";"(null)";"2260";"-1";"(null)";"(null)";"(null)";"-1";"-1";"1"
"1134";"-";"(null)";"2260";"-1";"(null)";"(null)";"(null)";"-1";"-1";"2"
"1134";"-";"(null)";"2260";"-1";"(null)";"(null)";"(null)";"-1";"-1";"2"
"1133";"-";"(null)";"2260";"-1";"(null)";"(null)";"(null)";"-1";"-1";"3"
"1133";"-";"(null)";"2260";"-1";"(null)";"(null)";"(null)";"-1";"-1";"3"
"1133";"-";"(null)";"2260";"-1";"(null)";"(null)";"(null)";"-1";"-1";"4"
"1133";"-";"(null)";"2260";"-1";"(null)";"(null)";"(null)";"-1";"-1";"4"
"7309";"-";"(null)";"2260";"-1";"(null)";"(null)";"(null)";"-1";"-1";"1"
"7309";"-";"(null)";"2260";"-1";"(null)";"(null)";"(null)";"-1";"-1";"1"
"7311";"S";"(null)";"2260";"-1";"8.7.2005 0:00";"(null)";"(null)";"-1";"-1";"2"
"7311";"S";"(null)";"2260";"-1";"8.7.2005 0:00";"(null)";"(null)";"-1";"-1";"2"
"7313";"-";"(null)";"2260";"-1";"(null)";"(null)";"(null)";"-1";"-1";"3"
"7313";"-";"(null)";"2260";"-1";"(null)";"(null)";"(null)";"-1";"-1";"3"
"6696";"-";"(null)";"2260";"-1";"(null)";"(null)";"(null)";"-1";"-1";"4"
"6696";"-";"(null)";"2260";"-1";"(null)";"(null)";"(null)";"-1";"-1";"4"
"7101";"-";"(null)";"3009";"-1";"(null)";"(null)";"(null)";"-1";"-1";"2"
"7285";"-";"(null)";"3009";"-1";"(null)";"(null)";"(null)";"-1";"-1";"3"
"7062";"-";"(null)";"3926";"-1";"(null)";"(null)";"(null)";"-1";"-1";"1"
"6932";"-";"(null)";"3926";"-1";"(null)";"(null)";"(null)";"-1";"-1";"4"
"7219";"-";"(null)";"3926";"-1";"(null)";"(null)";"(null)";"-1";"-1";"5"
"7070";"-";"(null)";"3926";"-1";"(null)";"(null)";"(null)";"-1";"-1";"6"
"7371";"-";"(null)";"3930";"-1";"(null)";"(null)";"(null)";"-1";"-1";"1"
"7353";"-";"(null)";"3930";"-1";"(null)";"(null)";"(null)";"-1";"-1";"2"
"7395";"-";"(null)";"3930";"-1";"(null)";"(null)";"(null)";"-1";"-1";"3"
"7311";"-";"(null)";"3930";"-1";"(null)";"(null)";"(null)";"-1";"-1";"4"
"(null)";"-";"(null)";"3917";"-1";"(null)";"(null)";"(null)";"-1";"-1";"2"
"7358";"-";"(null)";"3917";"-1";"(null)";"(null)";"(null)";"-1";"-1";"3"
"7205";"S";"(null)";"3050";"-1";"29.9.2003 0:00";"(null)";"(null)";"-1";"-1";"4"
"7002";"-";"(null)";"3917";"-1";"(null)";"(null)";"(null)";"-1";"-1";"3"
"7302";"S";"(null)";"3917";"-1";"14.3.2005 0:00";"(null)";"(null)";"-1";"-1";"4"
"7002";"S";"(null)";"3914";"-1";"7.2.2005 0:00";"(null)";"(null)";"-1";"-1";"1"
"(null)";"-";"(null)";"3914";"-1";"(null)";"(null)";"(null)";"-1";"-1";"4"
"7078";"-";"(null)";"3914";"-1";"(null)";"(null)";"(null)";"-1";"-1";"5"
"7366";"-";"(null)";"3894";"-1";"(null)";"(null)";"(null)";"-1";"-1";"1"
"7353";"-";"(null)";"3894";"-1";"(null)";"(null)";"(null)";"-1";"-1";"2"
"7220";"-";"(null)";"3894";"-1";"(null)";"(null)";"(null)";"-1";"-1";"3"
"7304";"-";"(null)";"3894";"-1";"(null)";"(null)";"(null)";"-1";"-1";"4"
"9061";"-";"(null)";"3894";"-1";"(null)";"(null)";"(null)";"-1";"-1";"5"
"7371";"-";"(null)";"3893";"-1";"(null)";"(null)";"(null)";"-1";"-1";"1"
"7002";"-";"(null)";"3893";"-1";"(null)";"(null)";"(null)";"-1";"-1";"3"
"7311";"-";"(null)";"3893";"-1";"(null)";"(null)";"(null)";"-1";"-1";"4"
"(null)";"S";"(null)";"3916";"-1";"16.12.2004 0:00";"(null)";"(null)";"-1";"-1";"1"
"7002";"S";"(null)";"3916";"-1";"16.12.2004 0:00";"(null)";"(null)";"-1";"-1";"1"
"(null)";"S";"(null)";"3916";"-1";"31.5.2005 0:00";"(null)";"(null)";"-1";"-1";"2"
"7081";"-";"(null)";"3916";"-1";"(null)";"(null)";"(null)";"-1";"-1";"3"
"(null)";"S";"(null)";"3911";"-1";"16.12.2004 0:00";"(null)";"(null)";"-1";"-1";"1"
"7002";"S";"(null)";"3911";"-1";"16.12.2004 0:00";"(null)";"(null)";"-1";"-1";"1"
"(null)";"S";"(null)";"3911";"-1";"31.5.2005 0:00";"(null)";"(null)";"-1";"-1";"2"
"7081";"-";"(null)";"3911";"-1";"(null)";"(null)";"(null)";"-1";"-1";"3"
"7285";"-";"(null)";"3934";"-1";"(null)";"(null)";"(null)";"-1";"-1";"0"
"7101";"-";"(null)";"3934";"-1";"(null)";"(null)";"(null)";"-1";"-1";"1"
"7243";"-";"(null)";"3934";"-1";"(null)";"(null)";"(null)";"-1";"-1";"1"
"7262";"-";"(null)";"3934";"-1";"(null)";"(null)";"(null)";"-1";"-1";"2"
"7245";"-";"(null)";"3934";"-1";"(null)";"(null)";"(null)";"-1";"-1";"2"
"7066";"-";"(null)";"3926";"-1";"(null)";"(null)";"(null)";"-1";"-1";"2"
"6696";"-";"(null)";"3873";"-1";"(null)";"(null)";"(null)";"-1";"-1";"1"
"7315";"S";"(null)";"3873";"-1";"30.6.2005 0:00";"(null)";"(null)";"-1";"-1";"2"
"7307";"-";"(null)";"3873";"-1";"(null)";"(null)";"(null)";"-1";"-1";"3"
"7311";"S";"(null)";"3873";"-1";"21.2.2005 0:00";"(null)";"(null)";"-1";"-1";"3"
"6700";"-";"(null)";"3873";"-1";"(null)";"(null)";"(null)";"-1";"-1";"5"
"(null)";"-";"(null)";"3913";"-1";"(null)";"(null)";"(null)";"-1";"-1";"2"
"(null)";"-";"(null)";"3913";"-1";"(null)";"(null)";"(null)";"-1";"-1";"3"
"7002";"-";"(null)";"3913";"-1";"(null)";"(null)";"(null)";"-1";"-1";"3"
"7302";"-";"(null)";"3913";"-1";"(null)";"(null)";"(null)";"-1";"-1";"4"
"7062";"-";"(null)";"3925";"-1";"(null)";"(null)";"(null)";"-1";"-1";"2"
"7070";"S";"(null)";"3925";"-1";"15.4.2005 0:00";"(null)";"(null)";"-1";"-1";"2"
"7219";"S";"(null)";"3925";"-1";"30.3.2005 0:00";"(null)";"(null)";"-1";"-1";"3"
"6929";"-";"(null)";"3925";"-1";"(null)";"(null)";"(null)";"-1";"-1";"4"
"7309";"S";"(null)";"3874";"-1";"2.2.2005 0:00";"(null)";"(null)";"-1";"-1";"1"
"7311";"-";"(null)";"3874";"-1";"(null)";"(null)";"(null)";"-1";"-1";"3"
"6696";"-";"(null)";"3874";"-1";"(null)";"(null)";"(null)";"-1";"-1";"3"
"(null)";"S";"(null)";"3249";"-1";"24.2.2005 0:00";"(null)";"(null)";"-1";"-1";"3"
"(null)";"S";"(null)";"3876";"-1";"10.12.2004 0:00";"(null)";"(null)";"-1";"-1";"3"
"7230";"S";"(null)";"3923";"-1";"9.6.2004 0:00";"(null)";"(null)";"-1";"-1";"4"
"(null)";"S";"(null)";"3931";"-1";"2.12.2004 0:00";"(null)";"(null)";"-1";"-1";"3"
"(null)";"S";"(null)";"3931";"-1";"11.6.2004 0:00";"(null)";"(null)";"-1";"-1";"2"
"(null)";"S";"(null)";"3931";"-1";"18.2.2004 0:00";"(null)";"(null)";"-1";"-1";"1"
"(null)";"S";"(null)";"2634";"-1";"2.12.2004 0:00";"(null)";"(null)";"-1";"-1";"3"
"(null)";"S";"(null)";"2833";"-1";"28.1.2005 0:00";"(null)";"(null)";"-1";"-1";"1"
"7219";"S";"(null)";"2630";"-1";"26.2.2003 0:00";"(null)";"(null)";"-1";"-1";"2"
"7062";"S";"(null)";"2630";"-1";"29.8.2003 0:00";"(null)";"(null)";"-1";"-1";"2"
"6929";"S";"(null)";"3864";"-1";"15.1.2003 0:00";"(null)";"(null)";"-1";"-1";"1"
"7296";"S";"(null)";"3864";"-1";"20.3.2003 0:00";"(null)";"(null)";"-1";"-1";"2"
"7002";"S";"(null)";"3864";"-1";"16.3.2004 0:00";"(null)";"(null)";"-1";"-1";"3"
"1133";"-";"(null)";"3926";"-1";"(null)";"(null)";"(null)";"-1";"-1";"3"
"1133";"-";"(null)";"3926";"-1";"(null)";"(null)";"(null)";"-1";"-1";"4"
"1137";"-";"(null)";"3926";"-1";"(null)";"(null)";"(null)";"-1";"-1";"5"
"1137";"-";"(null)";"3926";"-1";"(null)";"(null)";"(null)";"-1";"-1";"6"
"1133";"-";"(null)";"3927";"-1";"(null)";"(null)";"(null)";"-1";"-1";"3"
"1133";"-";"(null)";"3927";"-1";"(null)";"(null)";"(null)";"-1";"-1";"4"
"1137";"-";"(null)";"3927";"-1";"(null)";"(null)";"(null)";"-1";"-1";"5"
"1137";"-";"(null)";"3927";"-1";"(null)";"(null)";"(null)";"-1";"-1";"6"
"7062";"S";"(null)";"3927";"-1";"29.10.2004 0:00";"(null)";"(null)";"-1";"-1";"2"
"6932";"-";"(null)";"3927";"-1";"(null)";"(null)";"(null)";"-1";"-1";"2"
"7002";"-";"(null)";"3927";"-1";"(null)";"(null)";"(null)";"-1";"-1";"5"
"7219";"-";"(null)";"3927";"-1";"(null)";"(null)";"(null)";"-1";"-1";"3"
"7121";"-";"(null)";"3869";"-1";"(null)";"(null)";"(null)";"-1";"-1";"3"
"1133";"-";"(null)";"3869";"-1";"(null)";"(null)";"(null)";"-1";"-1";"3"
"1133";"-";"(null)";"3869";"-1";"(null)";"(null)";"(null)";"-1";"-1";"4"
"1133";"-";"(null)";"3911";"-1";"11.1.2005 0:00";"(null)";"(null)";"-1";"-1";"1"
"1133";"S";"(null)";"3911";"-1";"11.1.2005 0:00";"(null)";"(null)";"-1";"-1";"2"
"1134";"-";"(null)";"3911";"-1";"(null)";"(null)";"(null)";"-1";"-1";"5"
"1134";"-";"(null)";"3911";"-1";"(null)";"(null)";"(null)";"-1";"-1";"6"
"1133";"-";"(null)";"2833";"-1";"11.1.2005 0:00";"(null)";"(null)";"-1";"-1";"1"
"1133";"S";"(null)";"2833";"-1";"11.1.2005 0:00";"(null)";"(null)";"-1";"-1";"2"
"1134";"-";"(null)";"2833";"-1";"(null)";"(null)";"(null)";"-1";"-1";"1"
"1134";"-";"(null)";"2833";"-1";"(null)";"(null)";"(null)";"-1";"-1";"2"
"6700";"-";"(null)";"3249";"-1";"(null)";"(null)";"(null)";"-1";"-1";"1"
"7309";"S";"(null)";"3249";"-1";"16.3.2004 0:00";"(null)";"(null)";"-1";"-1";"2"
"7002";"S";"(null)";"3249";"-1";"29.11.2004 0:00";"(null)";"(null)";"-1";"-1";"3"
"7311";"S";"(null)";"3249";"-1";"1.6.2004 0:00";"(null)";"(null)";"-1";"-1";"3"
"7002";"S";"(null)";"3891";"-1";"24.4.2003 0:00";"(null)";"(null)";"-1";"-1";"2"
"(null)";"-";"(null)";"3891";"-1";"(null)";"(null)";"(null)";"-1";"-1";"3"
"7301";"-";"(null)";"3891";"-1";"(null)";"(null)";"(null)";"-1";"-1";"4"
"7302";"-";"(null)";"3891";"-1";"(null)";"(null)";"(null)";"-1";"-1";"4"
"1134";"-";"(null)";"3912";"-1";"(null)";"(null)";"(null)";"-1";"-1";"5"
"1134";"-";"(null)";"3912";"-1";"(null)";"(null)";"(null)";"-1";"-1";"6"
"1137";"-";"(null)";"3912";"-1";"(null)";"(null)";"(null)";"-1";"-1";"5"
"1137";"-";"(null)";"3912";"-1";"(null)";"(null)";"(null)";"-1";"-1";"6"
"5795";"-";"(null)";"3912";"-1";"(null)";"(null)";"(null)";"-1";"-1";"1"
"(null)";"-";"(null)";"3912";"-1";"(null)";"(null)";"(null)";"-1";"-1";"2"
"(null)";"-";"(null)";"3912";"-1";"(null)";"(null)";"(null)";"-1";"-1";"2"
"7002";"-";"(null)";"3912";"-1";"(null)";"(null)";"(null)";"-1";"-1";"5"
"1134";"-";"(null)";"3910";"-1";"(null)";"(null)";"(null)";"-1";"-1";"3"
"1134";"-";"(null)";"3910";"-1";"(null)";"(null)";"(null)";"-1";"-1";"4"
"1133";"-";"(null)";"3910";"-1";"(null)";"(null)";"(null)";"-1";"-1";"3"
"1133";"-";"(null)";"3910";"-1";"(null)";"(null)";"(null)";"-1";"-1";"4"
"7301";"S";"(null)";"3910";"-1";"26.10.2004 0:00";"(null)";"(null)";"-1";"-1";"1"
"7081";"S";"(null)";"3910";"-1";"16.11.2004 0:00";"(null)";"(null)";"-1";"-1";"1"
"7302";"S";"(null)";"3910";"-1";"3.12.2004 0:00";"(null)";"(null)";"-1";"-1";"2"
"(null)";"S";"(null)";"3910";"-1";"16.12.2004 0:00";"(null)";"(null)";"-1";"-1";"2"
"7002";"S";"(null)";"3910";"-1";"16.12.2004 0:00";"(null)";"(null)";"-1";"-1";"3"
"5795";"-";"(null)";"3910";"-1";"(null)";"(null)";"(null)";"-1";"-1";"4"
"5795";"-";"(null)";"3914";"-1";"(null)";"(null)";"(null)";"-1";"-1";"3"
"1134";"-";"(null)";"3914";"-1";"(null)";"(null)";"(null)";"-1";"-1";"1"
"1134";"S";"(null)";"3914";"-1";"(null)";"(null)";"(null)";"-1";"-1";"2"
"1133";"-";"(null)";"3914";"-1";"(null)";"(null)";"(null)";"-1";"-1";"5"
"1133";"-";"(null)";"3914";"-1";"(null)";"(null)";"(null)";"-1";"-1";"6"
"7302";"-";"(null)";"3916";"-1";"(null)";"(null)";"(null)";"-1";"-1";"4"
"1133";"-";"(null)";"3916";"-1";"(null)";"(null)";"(null)";"-1";"-1";"1"
"1133";"-";"(null)";"3916";"-1";"(null)";"(null)";"(null)";"-1";"-1";"2"
"1136";"-";"(null)";"3916";"-1";"(null)";"(null)";"(null)";"-1";"-1";"5"
"1136";"-";"(null)";"3916";"-1";"(null)";"(null)";"(null)";"-1";"-1";"6"
"1133";"-";"(null)";"3921";"-1";"(null)";"(null)";"(null)";"-1";"-1";"(null)"
"1133";"-";"(null)";"3921";"-1";"(null)";"(null)";"(null)";"-1";"-1";"(null)"
"1134";"-";"(null)";"3921";"-1";"(null)";"(null)";"(null)";"-1";"-1";"(null)"
"1134";"-";"(null)";"3921";"-1";"(null)";"(null)";"(null)";"-1";"-1";"(null)"
"7285";"-";"(null)";"3921";"-1";"(null)";"(null)";"(null)";"-1";"-1";"(null)"
"7101";"-";"(null)";"3921";"-1";"(null)";"(null)";"(null)";"-1";"-1";"(null)"
"6879";"S";"(null)";"2918";"-1";"29.7.2005 0:00";"(null)";"(null)";"-1";"-1";"4"
